race_id,horse_no,horse_id,result,won,lengths_behind,horse_age,horse_country,horse_type,horse_rating,horse_gear,declared_weight,actual_weight,draw,position_sec1,position_sec2,position_sec3,position_sec4,position_sec5,position_sec6,behind_sec1,behind_sec2,behind_sec3,behind_sec4,behind_sec5,behind_sec6,time1,time2,time3,time4,time5,time6,finish_time,win_odds,place_odds,trainer_id,jockey_id
0,1,3917,10,0.0,8.0,3,AUS,Gelding,60,--,1020.0,133,7,6,4,6,10.0,,,2.0,2.0,1.5,8.0,,,13.85,21.59,23.86,24.62,,,83.92,9.7,3.7,118,2
0,2,2157,8,0.0,5.75,3,NZ,Gelding,60,--,980.0,133,12,12,13,13,8.0,,,6.5,9.0,5.0,5.75,,,14.57,21.99,23.3,23.7,,,83.56,16.0,4.9,164,57
0,3,858,7,0.0,4.75,3,NZ,Gelding,60,--,1082.0,132,8,3,2,2,7.0,,,1.0,1.0,0.75,4.75,,,13.69,21.59,23.9,24.22,,,83.4,3.5,1.5,137,18
0,4,1853,9,0.0,6.25,3,SAF,Gelding,60,--,1118.0,127,13,8,8,11,9.0,,,3.5,5.0,3.5,6.25,,,14.09,21.83,23.7,24.0,,,83.62,39.0,11.0,80,59
0,5,2796,6,0.0,3.75,3,GB,Gelding,60,--,972.0,131,14,13,12,12,6.0,,,7.75,8.75,4.25,3.75,,,14.77,21.75,23.22,23.5,,,83.24,50.0,14.0,9,154
0,6,3296,3,0.0,1.25,3,NZ,Gelding,60,--,1114.0,127,5,11,11,5,3.0,,,5.0,7.75,1.25,1.25,,,14.33,22.03,22.9,23.57,,,82.83,7.0,1.8,54,34
0,7,911,12,0.0,9.5,3,NZ,Gelding,60,--,978.0,123,11,1,1,1,12.0,,,0.75,1.0,0.75,9.5,,,13.53,21.59,23.94,25.09,,,84.15,99.0,28.0,55,149
0,8,2170,1,1.0,0.0,3,AUS,Gelding,60,--,1170.0,128,2,9,9,10,1.0,,,3.75,5.5,3.25,0.75,,,14.13,21.87,23.58,23.06,,,82.64,12.0,3.6,47,183
0,9,1730,13,0.0,9.75,3,NZ,Gelding,60,--,1126.0,123,6,2,3,3,13.0,,,0.75,1.5,1.25,9.75,,,13.65,21.71,23.9,24.94,,,84.2,38.0,13.0,75,131
0,10,2998,14,0.0,999.0,3,AUS,Mare,60,--,1072.0,125,9,14,14,14,14.0,,,9.5,14.0,16.75,999.0,,,15.05,22.31,24.38,30.46,,,92.2,39.0,12.0,109,145
0,11,1733,2,0.0,0.75,3,NZ,Gelding,60,--,1135.0,123,3,7,7,4,2.0,,,2.75,3.75,1.25,0.75,,,13.97,21.75,23.54,23.51,,,82.77,8.6,2.5,4,155
0,12,2617,4,0.0,2.25,3,AUS,Gelding,60,--,1018.0,123,10,10,10,9,4.0,,,4.5,6.5,2.5,2.25,,,14.25,21.91,23.3,23.52,,,82.98,23.0,8.5,7,115
0,13,727,11,0.0,8.25,3,USA,Gelding,60,--,1089.0,120,1,5,6,8,11.0,,,1.75,3.0,2.25,8.25,,,13.81,21.79,23.82,24.52,,,83.94,5.4,1.7,128,138
0,14,306,5,0.0,2.75,3,AUS,Gelding,60,--,1027.0,113,4,4,5,7,5.0,,,1.5,2.5,2.25,2.75,,,13.77,21.75,23.9,23.66,,,83.08,11.0,3.9,38,162
1,1,2397,12,0.0,10.0,3,NZ,Gelding,60,--,1078.0,128,9,11,13,12,,,,6.0,7.75,10.0,,,,25.01,22.92,24.05,,,,71.98,14.0,4.2,47,149
1,2,4181,10,0.0,6.75,3,NZ,Gelding,60,--,1257.0,132,8,12,11,10,,,,6.25,7.5,6.75,,,,25.05,22.84,23.58,,,,71.47,28.0,8.5,98,64
1,3,2814,8,0.0,3.75,3,AUS,Horse,60,--,1037.0,130,5,8,9,8,,,,4.5,6.25,3.75,,,,24.77,22.92,23.29,,,,70.98,7.0,1.7,75,183
1,4,905,3,0.0,2.25,3,AUS,Gelding,60,--,1168.0,126,11,14,14,3,,,,6.75,8.0,2.25,,,,25.13,22.84,22.75,,,,70.72,12.0,3.3,29,18
1,5,3915,1,1.0,0.0,3,AUS,Gelding,60,--,1148.0,125,10,5,4,1,,,,3.0,4.0,1.25,,,,24.53,22.8,23.06,,,,70.39,2.3,1.2,118,2
1,6,3865,11,0.0,8.5,3,NZ,Gelding,60,--,1057.0,121,2,4,5,11,,,,1.75,4.75,8.5,,,,24.33,23.12,24.32,,,,71.77,28.0,6.3,54,34
1,7,1926,14,0.0,21.75,3,NZ,Gelding,60,--,1064.0,122,13,13,12,14,,,,6.5,7.5,21.75,,,,25.09,22.8,26.0,,,,73.89,13.0,3.3,55,138
1,8,2330,5,0.0,2.75,3,NZ,Gelding,60,--,1132.0,117,7,3,3,5,,,,1.75,3.25,2.75,,,,24.33,22.88,23.59,,,,70.8,43.0,11.0,138,59
1,9,3744,9,0.0,6.25,3,NZ,Gelding,60,--,1081.0,121,12,9,10,9,,,,4.75,7.0,6.25,,,,24.81,23.0,23.6,,,,71.41,14.0,4.8,80,154
1,10,2772,4,0.0,2.5,3,AUS,Gelding,60,--,1059.0,121,1,6,6,4,,,,3.5,5.25,2.5,,,,24.61,22.92,23.23,,,,70.76,10.0,2.6,109,145
1,11,550,13,0.0,13.5,3,USA,Gelding,60,--,1106.0,118,14,7,8,13,,,,4.25,6.25,13.5,,,,24.73,22.96,24.85,,,,72.54,50.0,15.0,128,151
1,12,4244,7,0.0,3.25,3,AUS,Gelding,60,--,1095.0,103,3,1,1,7,,,,0.15,0.25,3.25,,,,24.05,22.64,24.18,,,,70.87,21.0,7.4,38,40
1,13,3605,2,0.0,1.25,3,AUS,Gelding,60,--,1060.0,113,6,2,2,2,,,,0.15,0.25,1.25,,,,24.05,22.68,23.83,,,,70.56,13.0,4.7,132,162
1,14,2813,6,0.0,2.75,3,AUS,Brown,60,--,1110.0,108,4,10,7,6,,,,5.0,6.0,2.75,,,,24.85,22.8,23.16,,,,70.81,47.0,16.0,137,128
2,1,2306,2,0.0,0.1,3,NZ,Gelding,60,--,1115.0,133,2,9,7,7,2.0,,,3.25,3.25,2.75,0.1,,,14.29,22.22,24.8,22.38,,,83.69,9.2,2.3,9,69
2,2,2650,10,0.0,3.75,3,NZ,Gelding,60,--,1091.0,126,10,10,12,10,10.0,,,3.25,7.25,4.75,3.75,,,14.29,22.86,24.48,22.67,,,84.3,99.0,36.0,128,128
2,3,803,12,0.0,4.75,3,GB,Gelding,60,--,1000.0,128,14,13,13,14,12.0,,,5.0,7.5,7.75,4.75,,,14.57,22.62,24.92,22.34,,,84.45,81.0,22.0,164,57
2,4,4048,6,0.0,1.75,3,USA,Brown,60,--,1106.0,127,6,2,2,1,6.0,,,0.25,1.0,0.15,1.75,,,13.81,22.34,24.72,23.11,,,83.98,3.5,1.5,132,138
2,5,3877,7,0.0,2.25,3,NZ,Gelding,60,--,1031.0,126,8,3,4,3,7.0,,,0.75,1.75,0.75,2.25,,,13.89,22.38,24.72,23.04,,,84.03,4.4,1.5,118,2
2,6,2800,8,0.0,3.5,3,NZ,Gelding,60,--,1068.0,125,3,14,9,11,8.0,,,5.25,4.5,5.5,3.5,,,14.61,22.1,25.04,22.5,,,84.25,65.0,23.0,137,183
2,7,133,11,0.0,4.25,3,NZ,Gelding,60,--,1151.0,123,12,12,14,13,11.0,,,3.75,8.5,7.0,4.25,,,14.37,22.98,24.64,22.37,,,84.36,99.0,25.0,75,151
2,8,3305,4,0.0,1.25,3,NZ,Gelding,60,--,1052.0,125,7,5,6,6,4.0,,,1.25,2.75,2.0,1.25,,,13.97,22.46,24.76,22.67,,,83.86,6.7,2.0,109,145
2,9,2172,9,0.0,3.5,3,AUS,Gelding,60,--,1122.0,125,9,7,8,9,9.0,,,2.5,4.0,3.5,3.5,,,14.17,22.46,24.8,22.82,,,84.25,7.9,3.0,97,18
2,10,2069,5,0.0,1.75,3,AUS,Gelding,60,--,1016.0,124,11,11,10,8,5.0,,,3.5,5.5,3.25,1.75,,,14.33,22.54,24.52,22.58,,,83.97,16.0,5.2,98,64
2,11,2162,1,1.0,0.0,3,AUS,Gelding,60,--,1149.0,122,4,6,5,4,1.0,,,1.5,2.5,1.5,0.1,,,14.01,22.38,24.72,22.58,,,83.69,7.0,2.3,7,115
2,12,1095,13,0.0,6.25,3,AUS,Gelding,60,--,1028.0,116,1,4,3,5,13.0,,,1.0,1.25,2.0,6.25,,,13.93,22.26,25.0,23.47,,,84.66,45.0,11.0,38,154
2,13,2012,3,0.0,0.25,3,NZ,Gelding,60,--,1029.0,110,13,1,1,2,3.0,,,0.25,1.0,0.15,0.25,,,13.77,22.22,24.88,22.87,,,83.74,22.0,5.9,80,59
2,14,1875,14,0.0,7.5,3,AUS,Gelding,60,--,1157.0,110,5,8,11,12,14.0,,,3.25,6.0,6.5,7.5,,,14.29,22.66,24.96,22.98,,,84.89,99.0,32.0,138,149
3,1,2973,5,0.0,2.25,3,AUS,Gelding,60,--,1093.0,133,3,8,8,5,,,,3.75,4.0,2.25,,,,24.93,22.51,21.79,,,,69.23,15.0,4.7,7,115
3,2,485,6,0.0,2.75,3,AUS,Gelding,60,--,1169.0,132,9,11,9,6,,,,6.0,4.5,2.75,,,,25.29,22.23,21.82,,,,69.34,11.0,3.1,97,18
3,3,2723,2,0.0,1.75,3,AUS,Gelding,60,--,1219.0,131,11,3,2,2,,,,1.0,0.25,1.75,,,,24.49,22.35,22.32,,,,69.16,8.2,2.4,69,183
3,4,3031,11,0.0,8.25,3,NZ,Gelding,60,--,1182.0,125,6,5,5,11,,,,2.0,2.75,8.25,,,,24.65,22.59,22.98,,,,70.22,44.0,11.0,138,138
3,5,3872,1,1.0,0.0,3,NZ,Gelding,60,--,1231.0,119,4,2,3,1,,,,1.0,1.5,1.75,,,,24.49,22.55,21.85,,,,68.89,5.2,1.4,118,2
3,6,1398,10,0.0,5.25,3,AUS,Gelding,60,--,1213.0,119,12,12,12,10,,,,6.75,6.25,5.25,,,,25.41,22.39,21.95,,,,69.75,36.0,11.0,137,64
3,7,939,4,0.0,2.25,3,NZ,Gelding,60,--,1137.0,114,2,6,6,4,,,,2.75,3.0,2.25,,,,24.77,22.51,21.94,,,,69.22,15.0,4.5,29,162
3,8,4006,7,0.0,4.25,3,USA,Horse,60,--,1074.0,115,1,4,4,7,,,,1.5,2.75,4.25,,,,24.57,22.67,22.33,,,,69.57,2.9,1.6,137,69
3,9,3844,9,0.0,4.75,3,NZ,Gelding,60,--,1195.0,113,8,10,11,9,,,,5.25,4.75,4.75,,,,25.17,22.39,22.11,,,,69.67,15.0,4.2,38,34
3,10,713,3,0.0,2.0,3,AUS,Gelding,60,--,1214.0,114,5,1,1,3,,,,1.0,0.25,2.0,,,,24.33,22.47,22.4,,,,69.2,5.1,1.6,29,154
3,11,4056,8,0.0,4.75,3,NZ,Gelding,60,--,1211.0,110,7,9,10,8,,,,5.25,4.5,4.75,,,,25.17,22.35,22.14,,,,69.66,74.0,18.0,75,131
3,12,2002,12,0.0,10.25,3,AUS,Gelding,60,--,1153.0,111,10,7,7,12,,,,3.5,4.0,10.25,,,,24.89,22.55,23.08,,,,70.52,68.0,18.0,38,151
4,1,82,3,0.0,0.5,3,NZ,Gelding,60,--,1076.0,133,4,9,9,10,3.0,,,3.5,5.75,7.5,0.5,,,26.01,23.88,23.59,22.46,,,95.94,5.2,1.7,138,18
4,2,97,1,1.0,0.0,3,AUS,Gelding,60,--,1044.0,132,3,10,11,11,1.0,,,4.0,6.25,7.75,0.15,,,26.09,23.88,23.55,22.32,,,95.84,3.6,1.5,97,69
4,3,3701,5,0.0,3.5,3,NZ,Gelding,60,--,1065.0,132,2,6,8,6,5.0,,,2.5,5.0,6.5,3.5,,,25.85,23.92,23.55,23.08,,,96.4,8.2,2.5,118,2
4,4,4061,11,0.0,6.75,3,NZ,Gelding,60,--,1161.0,126,13,4,2,3,11.0,,,2.0,2.25,5.0,6.75,,,25.77,23.56,23.75,23.84,,,96.92,28.0,8.1,75,162
4,5,887,6,0.0,4.25,3,IRE,Gelding,60,--,1040.0,128,6,3,3,2,6.0,,,1.75,2.5,4.5,4.25,,,25.73,23.64,23.63,23.51,,,96.51,33.0,10.0,47,183
4,6,134,12,0.0,8.25,3,AUS,Gelding,60,--,1106.0,120,14,12,10,9,12.0,,,4.5,6.0,7.0,8.25,,,26.17,23.76,23.47,23.76,,,97.16,43.0,18.0,55,138
4,7,3301,4,0.0,2.75,3,AUS,Gelding,60,--,1019.0,125,12,7,7,8,4.0,,,3.25,4.75,7.0,2.75,,,25.97,23.76,23.67,22.9,,,96.3,12.0,4.0,164,57
4,8,243,7,0.0,4.5,3,NZ,Brown,60,--,1009.0,120,11,11,12,12,7.0,,,4.25,6.5,8.75,4.5,,,26.13,23.88,23.67,22.9,,,96.58,13.0,4.9,54,34
4,9,1332,8,0.0,5.75,3,IRE,Gelding,60,--,1011.0,120,8,14,14,13,8.0,,,5.75,7.75,10.0,5.75,,,26.37,23.84,23.67,22.88,,,96.76,6.1,1.9,7,115
4,10,277,2,0.0,0.15,3,IRE,Gelding,60,--,999.0,114,7,1,1,1,2.0,,,1.25,2.25,4.5,0.15,,,25.45,23.52,23.31,23.59,,,95.87,11.0,2.8,132,131
4,11,3105,10,0.0,6.5,3,NZ,Gelding,60,--,1011.0,117,9,2,4,7,10.0,,,1.25,3.75,6.75,6.5,,,25.65,23.92,23.79,23.52,,,96.88,19.0,6.4,98,154
4,12,1895,9,0.0,6.0,3,NZ,Gelding,60,--,988.0,106,1,8,6,5,9.0,,,3.25,4.5,5.75,6.0,,,25.97,23.72,23.51,23.6,,,96.8,31.0,9.3,9,63
4,13,2171,13,0.0,9.75,3,NZ,Gelding,60,--,1157.0,113,10,5,5,4,13.0,,,2.25,4.0,5.75,9.75,,,25.81,23.8,23.59,24.2,,,97.4,99.0,26.0,128,151
4,14,539,14,0.0,22.0,3,NZ,Gelding,60,--,1152.0,103,5,13,13,14,14.0,,,4.75,7.5,11.0,22.0,,,26.21,23.96,23.87,25.32,,,99.36,25.0,7.7,38,40
5,1,247,6,0.0,6.5,3,NZ,Gelding,60,--,1143.0,133,10,4,5,6,,,,5.5,7.0,6.5,,,,24.35,22.72,23.15,,,,70.22,17.0,4.8,118,2
5,2,3712,10,0.0,10.5,3,AUS,Gelding,60,--,1096.0,133,6,7,8,10,,,,6.75,9.75,10.5,,,,24.55,22.96,23.37,,,,70.88,1.8,1.1,75,18
5,3,3859,5,0.0,5.75,3,NZ,Gelding,60,--,1169.0,132,14,12,10,5,,,,9.25,10.75,5.75,,,,24.95,22.72,22.44,,,,70.11,28.0,6.9,137,69
5,4,1899,4,0.0,5.5,3,NZ,Rig,60,--,1120.0,130,9,8,7,4,,,,7.75,9.5,5.5,,,,24.71,22.76,22.6,,,,70.07,11.0,2.2,38,115
5,5,3125,8,0.0,9.25,3,AUS,Gelding,60,--,1136.0,126,3,2,2,8,,,,2.75,2.75,9.25,,,,23.91,22.48,24.3,,,,70.69,13.0,2.9,132,64
5,6,3918,13,0.0,16.0,3,NZ,Gelding,60,--,1235.0,125,1,11,12,13,,,,8.25,12.25,16.0,,,,24.79,23.12,23.85,,,,71.76,99.0,24.0,117,154
5,7,1865,12,0.0,15.25,3,NZ,Gelding,60,--,1015.0,120,2,13,13,12,,,,9.75,14.0,15.25,,,,25.03,23.16,23.41,,,,71.6,99.0,23.0,97,149
5,8,1369,3,0.0,4.5,3,NZ,Gelding,60,--,1114.0,124,13,6,6,3,,,,6.25,8.25,4.5,,,,24.47,22.8,22.64,,,,69.91,32.0,7.0,69,183
5,9,585,1,1.0,0.0,3,AUS,Horse,60,--,1170.0,124,8,1,1,1,,,,2.75,2.75,3.25,,,,23.47,22.48,23.25,,,,69.2,6.1,1.6,47,138
5,10,1688,9,0.0,9.5,3,NZ,Gelding,60,--,1015.0,123,12,9,11,9,,,,8.0,11.5,9.5,,,,24.75,23.04,22.92,,,,70.71,8.5,2.8,164,57
5,11,3499,11,0.0,11.0,3,AUS,Gelding,60,--,1087.0,121,5,10,9,11,,,,8.25,10.0,11.0,,,,24.79,22.76,23.39,,,,70.94,37.0,5.9,98,151
5,12,475,14,0.0,29.75,3,NZ,Gelding,60,--,1098.0,119,11,14,14,14,,,,10.5,18.75,29.75,,,,25.15,23.8,25.01,,,,73.96,99.0,40.0,54,38
5,13,3119,7,0.0,6.5,3,IRE,Gelding,60,--,1064.0,115,4,5,4,7,,,,6.25,6.75,6.5,,,,24.47,22.56,23.2,,,,70.23,22.0,5.3,63,34
5,14,2327,2,0.0,3.25,3,AUS,Gelding,60,--,1155.0,110,7,3,3,2,,,,4.5,5.75,3.25,,,,24.19,22.68,22.83,,,,69.7,99.0,40.0,138,128
6,1,2997,7,0.0,5.25,3,AUS,Horse,60,--,1113.0,133,7,11,10,9,7.0,,,4.25,8.0,8.75,5.25,,,14.43,22.21,22.93,22.78,,,82.35,6.3,2.1,29,18
6,2,1202,8,0.0,5.75,3,NZ,Gelding,60,--,1059.0,127,2,8,9,10,8.0,,,3.0,7.75,9.5,5.75,,,14.23,22.37,23.09,22.75,,,82.44,16.0,4.3,137,128
6,3,1904,6,0.0,5.0,3,NZ,Gelding,60,--,1181.0,131,12,2,3,2,6.0,,,0.15,2.0,3.25,5.0,,,13.75,21.93,23.01,23.61,,,82.3,5.7,2.0,98,69
6,4,1852,12,0.0,18.25,3,IRE,Gelding,60,--,1057.0,124,6,1,2,3,12.0,,,0.15,1.75,3.75,18.25,,,13.75,21.89,23.13,25.65,,,84.42,5.1,1.4,54,59
6,5,3346,1,1.0,0.0,3,AUS,Gelding,60,--,1052.0,125,9,3,4,4,1.0,,,0.15,3.75,4.75,3.75,,,13.75,22.21,22.97,22.58,,,81.51,16.0,4.1,7,115
6,6,1863,3,0.0,3.75,3,AUS,Colt,60,--,1103.0,123,8,5,5,5,3.0,,,1.5,5.0,6.25,3.75,,,13.99,22.17,23.01,22.93,,,82.1,31.0,7.9,164,57
6,7,3788,2,0.0,3.75,3,AUS,Brown,60,--,1049.0,123,5,9,7,7,2.0,,,3.25,6.5,7.0,3.75,,,14.27,22.13,22.89,22.8,,,82.09,8.6,2.1,117,138
6,8,4041,5,0.0,4.75,3,IRE,Gelding,60,--,1039.0,123,10,7,8,8,5.0,,,2.75,7.0,7.25,4.75,,,14.19,22.29,22.85,22.93,,,82.26,52.0,8.8,38,154
6,9,3440,10,0.0,7.5,3,NZ,Gelding,60,--,1069.0,119,3,4,1,1,10.0,,,0.25,1.75,3.25,7.5,,,13.79,21.57,22.81,24.53,,,82.7,56.0,14.0,128,151
6,10,3101,4,0.0,4.5,3,AUS,Gelding,60,--,1142.0,116,1,12,12,11,4.0,,,4.25,10.0,10.75,4.5,,,14.43,22.53,22.93,22.35,,,82.24,2.7,1.5,75,162
6,11,3841,11,0.0,14.5,3,AUS,Gelding,60,--,1068.0,115,11,10,11,12,11.0,,,3.75,9.5,10.75,14.5,,,14.35,22.53,23.01,23.95,,,83.84,99.0,33.0,137,155
6,12,1420,9,0.0,6.25,3,NZ,Gelding,60,--,1248.0,111,4,6,6,6,9.0,,,1.75,5.5,6.75,6.25,,,14.03,22.21,23.01,23.27,,,82.52,99.0,30.0,97,149
7,1,3352,8,0.0,3.5,3,AUS,Gelding,60,--,1210.0,133,10,9,10,8,,,,2.0,4.0,3.5,,,,13.87,20.88,22.35,,,,57.1,11.0,3.6,98,2
7,2,2795,9,0.0,5.75,3,FR,Gelding,60,--,1044.0,133,3,11,9,9,,,,2.75,3.5,5.75,,,,13.99,20.68,22.78,,,,57.45,36.0,9.8,9,145
7,3,4202,2,0.0,0.15,3,NZ,Gelding,60,--,1065.0,126,8,13,13,2,,,,4.5,7.0,0.15,,,,14.27,20.96,21.34,,,,56.57,21.0,4.4,55,183
7,4,4343,5,0.0,1.5,3,NZ,Gelding,60,--,1179.0,123,11,12,11,5,,,,3.25,4.0,1.5,,,,14.07,20.68,22.01,,,,56.76,26.0,7.4,97,138
7,6,4222,4,0.0,1.25,3,NZ,Gelding,60,--,1182.0,117,4,1,1,4,,,,0.15,0.5,1.25,,,,13.55,20.56,22.62,,,,56.73,24.0,7.1,80,59
7,7,3732,12,0.0,8.5,3,NZ,Gelding,60,--,1212.0,122,5,3,3,12,,,,0.25,0.75,8.5,,,,13.59,20.64,23.68,,,,57.91,2.7,1.4,118,69
7,8,2644,3,0.0,1.25,3,IRE,Gelding,60,--,1096.0,120,6,10,7,3,,,,2.0,2.75,1.25,,,,13.87,20.68,22.17,,,,56.72,6.3,1.8,7,115
7,9,910,11,0.0,6.75,3,AUS,Gelding,60,--,1167.0,110,2,2,2,11,,,,0.15,0.5,6.75,,,,13.55,20.64,23.43,,,,57.62,22.0,7.4,38,40
7,10,4101,10,0.0,5.75,3,NZ,Gelding,60,--,1087.0,119,12,6,8,10,,,,1.5,3.0,5.75,,,,13.79,20.8,22.89,,,,57.48,22.0,6.0,98,64
7,11,4058,13,0.0,10.75,3,NZ,Gelding,60,--,1077.0,115,13,5,12,13,,,,1.5,5.0,10.75,,,,13.79,21.12,23.36,,,,58.27,71.0,26.0,47,34
7,12,2161,6,0.0,1.5,3,AUS,Gelding,60,--,1152.0,111,1,7,5,6,,,,1.5,2.0,1.5,,,,13.79,20.64,22.34,,,,56.77,17.0,6.0,70,149
7,13,3697,1,1.0,0.0,3,NZ,Gelding,60,--,1250.0,113,7,8,6,1,,,,1.75,2.0,0.15,,,,13.83,20.6,22.12,,,,56.55,7.0,2.3,69,162
7,14,2671,7,0.0,3.25,3,NZ,Gelding,60,--,1099.0,110,9,4,4,7,,,,0.75,1.0,3.25,,,,13.67,20.6,22.78,,,,57.05,6.6,1.7,29,128
8,1,2329,7,0.0,3.75,3,NZ,Gelding,60,--,1153.0,128,7,8,7,7,7.0,,,4.5,7.5,5.0,3.75,,,14.03,22.68,23.52,22.95,,,83.18,15.0,3.1,97,149
8,2,256,3,0.0,1.75,3,SAF,Gelding,60,--,1131.0,131,14,1,1,1,3.0,,,1.0,2.0,2.25,1.75,,,13.31,22.2,23.92,23.46,,,82.89,10.0,3.3,80,154
8,3,3452,4,0.0,2.0,3,NZ,Gelding,60,--,1101.0,127,11,7,8,8,4.0,,,4.5,8.25,5.0,2.0,,,14.03,22.8,23.4,22.67,,,82.9,20.0,5.4,75,131
8,4,2816,9,0.0,7.0,3,NZ,Gelding,60,--,1148.0,130,12,2,2,3,9.0,,,1.0,2.0,2.5,7.0,,,13.47,22.36,24.0,23.88,,,83.71,11.0,3.3,118,2
8,5,4121,2,0.0,0.15,3,AUS,Gelding,60,--,1142.0,129,1,5,5,4,2.0,,,2.75,6.0,3.25,0.15,,,13.75,22.72,23.48,22.66,,,82.61,4.9,1.6,7,115
8,6,389,11,0.0,8.25,3,AUS,Gelding,60,--,1144.0,126,4,10,9,9,11.0,,,5.5,8.75,5.75,8.25,,,14.19,22.72,23.44,23.56,,,83.91,55.0,9.6,138,34
8,7,3696,1,1.0,0.0,3,NZ,Gelding,60,--,1101.0,125,3,6,6,5,1.0,,,3.5,7.0,4.0,0.15,,,13.87,22.76,23.44,22.52,,,82.59,2.4,1.2,69,162
8,8,303,14,0.0,999.0,3,GB,Brown,60,--,1030.0,120,6,13,14,14,14.0,,,7.5,12.25,11.75,999.0,,,14.51,22.96,23.84,26.68,,,87.99,60.0,12.0,54,38
8,9,3349,5,0.0,2.5,3,AUS,Brown,60,--,1119.0,118,10,9,11,10,5.0,,,5.0,10.0,5.75,2.5,,,14.11,23.0,23.24,22.63,,,82.98,6.5,2.0,137,128
8,10,3196,6,0.0,2.75,3,AUS,Gelding,60,--,1110.0,120,9,12,12,12,6.0,,,6.75,11.0,7.25,2.75,,,14.39,22.88,23.32,22.43,,,83.02,67.0,17.0,70,138
8,11,1789,8,0.0,5.5,3,USA,Gelding,60,--,1031.0,113,13,11,10,11,8.0,,,6.0,9.5,6.0,5.5,,,14.27,22.76,23.36,23.09,,,83.48,99.0,26.0,55,155
8,12,1109,13,0.0,11.25,3,USA,Gelding,60,--,1058.0,109,8,14,13,13,13.0,,,8.75,12.0,10.25,11.25,,,14.71,22.72,23.64,23.34,,,84.41,99.0,46.0,109,59
8,13,3583,10,0.0,8.0,3,AUS,Brown,60,--,1184.0,113,5,3,3,2,10.0,,,1.75,3.5,2.25,8.0,,,13.59,22.48,23.72,24.06,,,83.85,13.0,3.3,164,151
8,14,4035,12,0.0,8.5,3,AUS,Gelding,60,--,1095.0,109,2,4,4,6,12.0,,,2.5,4.75,4.75,8.5,,,13.71,22.56,23.92,23.77,,,83.96,99.0,29.0,117,52
9,1,3451,1,1.0,0.0,3,NZ,Gelding,60,--,1046.0,133,10,9,9,1,,,,3.5,3.0,0.25,,,,24.64,23.37,22.18,,,,70.19,20.0,4.9,69,183
9,2,3306,13,0.0,5.25,3,USA,Gelding,60,--,1130.0,133,5,5,6,13,,,,1.5,2.0,5.25,,,,24.32,23.53,23.17,,,,71.02,19.0,6.9,118,64
9,3,1444,8,0.0,2.75,3,NZ,Gelding,60,--,1210.0,129,3,3,4,8,,,,1.5,1.25,2.75,,,,24.32,23.41,22.9,,,,70.63,12.0,4.2,38,162
9,4,541,7,0.0,2.25,3,AUS,Gelding,60,--,1074.0,131,6,13,11,7,,,,6.0,3.75,2.25,,,,25.04,23.09,22.43,,,,70.56,8.6,3.2,97,69
9,5,540,11,0.0,4.5,3,AUS,Gelding,60,--,1050.0,126,12,10,10,11,,,,3.75,3.25,4.5,,,,24.68,23.37,22.85,,,,70.9,19.0,4.6,55,138
9,6,3668,3,0.0,1.25,3,AUS,Gelding,60,--,1205.0,124,14,2,2,3,,,,0.25,0.25,1.25,,,,24.12,23.45,22.79,,,,70.36,3.3,1.4,7,115
9,7,3422,4,0.0,1.25,3,AUS,Gelding,60,--,1040.0,124,8,7,7,4,,,,2.5,2.5,1.25,,,,24.48,23.45,22.44,,,,70.37,16.0,4.1,98,2
9,8,908,12,0.0,5.25,3,AUS,Gelding,60,--,1148.0,120,2,8,8,12,,,,3.5,3.0,5.25,,,,24.64,23.37,23.0,,,,71.01,72.0,17.0,54,34
9,9,3683,9,0.0,3.25,3,NZ,Gelding,60,--,1186.0,120,7,1,1,9,,,,0.25,0.25,3.25,,,,24.08,23.45,23.16,,,,70.69,4.0,1.6,117,154
9,10,4043,14,0.0,6.75,3,GB,Gelding,60,--,1054.0,116,4,14,14,14,,,,7.0,4.75,6.75,,,,25.2,23.09,22.99,,,,71.28,75.0,17.0,75,131
9,11,2053,10,0.0,4.25,3,NZ,Gelding,60,--,1079.0,119,1,12,12,10,,,,5.5,4.25,4.25,,,,24.96,23.25,22.65,,,,70.86,8.5,2.5,4,18
9,12,3842,6,0.0,2.25,3,AUS,Gelding,60,--,1087.0,115,9,4,3,6,,,,1.5,1.0,2.25,,,,24.32,23.37,22.87,,,,70.56,25.0,5.3,47,155
9,13,3117,2,0.0,0.25,3,AUS,Brown,60,--,1146.0,111,13,11,13,2,,,,5.25,4.5,0.25,,,,24.92,23.33,22.0,,,,70.25,15.0,4.5,80,59
9,14,477,5,0.0,1.5,3,IRE,Gelding,60,--,1071.0,113,11,6,5,5,,,,2.25,1.75,1.5,,,,24.44,23.37,22.6,,,,70.41,99.0,38.0,128,151
10,1,875,3,0.0,1.5,3,NZ,Gelding,60,--,1093.0,128,9,1,1,1,3.0,,,0.25,0.25,1.25,1.5,,,27.53,25.12,24.16,24.74,,,101.55,4.3,1.5,97,149
10,2,1016,1,1.0,0.0,3,USA,Gelding,60,--,1011.0,132,1,4,3,3,1.0,,,2.5,1.5,2.25,0.75,,,27.93,24.96,24.28,24.12,,,101.29,5.0,1.8,75,18
10,3,2428,10,0.0,6.25,3,IRE,Gelding,60,--,1058.0,125,12,12,12,12,10.0,,,11.25,9.25,9.0,6.25,,,29.33,24.8,24.12,24.01,,,102.26,79.0,18.0,9,38
10,4,1874,4,0.0,2.0,3,NZ,Gelding,60,--,1120.0,127,2,5,5,5,4.0,,,4.25,3.5,4.0,2.0,,,28.21,25.0,24.24,24.15,,,101.6,13.0,3.9,63,64
10,5,2103,12,0.0,13.25,3,NZ,Gelding,60,--,1180.0,125,5,10,11,11,12.0,,,9.25,8.0,9.0,13.25,,,29.01,24.92,24.32,25.13,,,103.38,36.0,10.0,38,138
10,6,809,7,0.0,2.75,3,IRE,Gelding,60,--,970.0,124,6,9,9,8,7.0,,,7.0,6.75,6.5,2.75,,,28.65,25.08,24.12,23.9,,,101.75,5.1,1.9,54,2
10,7,2967,2,0.0,0.75,3,AUS,Gelding,60,--,1062.0,122,3,7,8,10,2.0,,,5.75,5.75,7.5,0.75,,,28.45,25.12,24.44,23.41,,,101.42,7.9,2.7,55,34
10,8,1510,5,0.0,2.25,3,NZ,Gelding,60,--,1161.0,117,8,3,2,2,5.0,,,1.75,0.25,1.25,2.25,,,27.81,24.88,24.32,24.62,,,101.63,28.0,7.4,128,151
10,9,1322,6,0.0,2.75,3,AUS,Gelding,60,--,1109.0,120,7,8,7,6,6.0,,,6.0,5.0,5.25,2.75,,,28.49,24.96,24.2,24.09,,,101.74,8.8,2.3,109,145
10,10,3869,11,0.0,12.25,3,NZ,Gelding,60,--,1121.0,113,4,6,6,7,11.0,,,4.25,3.75,6.25,12.25,,,28.21,25.04,24.56,25.42,,,103.23,15.0,4.1,117,131
10,11,1207,9,0.0,3.75,3,AUS,Gelding,60,--,1126.0,110,10,11,10,9,9.0,,,9.75,6.75,6.75,3.75,,,29.09,24.64,24.16,24.01,,,101.9,8.4,3.6,137,128
10,12,2990,8,0.0,3.25,3,AUS,Gelding,60,--,1118.0,113,11,2,4,4,8.0,,,0.25,1.5,2.75,3.25,,,27.57,25.32,24.36,24.58,,,101.83,74.0,18.0,132,162
11,1,4349,12,0.0,13.5,3,NZ,Gelding,60,--,967.0,133,3,2,2,2,12.0,,,0.75,1.5,1.5,13.5,,,27.79,24.01,25.42,25.78,,,103.0,6.3,2.4,69,183
11,2,1774,1,1.0,0.0,3,NZ,Gelding,60,--,1085.0,131,6,9,9,9,1.0,,,6.75,8.0,5.75,2.25,,,28.75,24.09,25.06,22.94,,,100.84,5.9,2.3,75,18
11,3,177,10,0.0,9.0,3,AUS,Rig,60,--,1089.0,129,1,7,7,6,10.0,,,5.25,5.5,4.25,9.0,,,28.51,23.93,25.22,24.62,,,102.28,5.1,1.6,132,64
11,4,1336,3,0.0,3.5,3,IRE,Gelding,60,--,1082.0,123,11,8,8,8,3.0,,,5.75,6.0,4.5,3.5,,,28.59,23.93,25.18,23.68,,,101.38,8.4,2.6,47,2
11,5,1399,6,0.0,5.5,3,AUS,Gelding,60,--,1168.0,122,9,11,11,11,6.0,,,8.75,9.5,7.5,5.5,,,29.07,24.01,25.1,23.52,,,101.7,15.0,4.3,98,115
11,6,2797,8,0.0,7.75,3,IRE,Gelding,60,--,1112.0,121,7,12,12,12,8.0,,,10.0,11.0,7.75,7.75,,,29.27,24.05,24.9,23.88,,,102.1,42.0,9.1,38,154
11,7,3694,5,0.0,5.25,3,CAN,Brown,60,--,1130.0,118,4,6,5,7,5.0,,,4.5,4.5,4.5,5.25,,,28.39,23.89,25.42,23.95,,,101.65,30.0,9.0,128,151
11,8,1581,7,0.0,7.25,3,AUS,Gelding,60,--,1139.0,120,12,1,1,1,7.0,,,0.75,1.5,1.5,7.25,,,27.67,23.89,25.42,25.03,,,102.01,20.0,6.6,138,138
11,9,1675,2,0.0,2.25,3,IRE,Gelding,60,--,1077.0,118,8,4,4,4,2.0,,,2.25,3.0,2.75,2.25,,,28.03,24.01,25.38,23.75,,,101.17,5.2,1.8,9,69
11,10,3458,11,0.0,11.25,3,USA,Gelding,60,--,1139.0,113,5,10,10,10,11.0,,,8.0,9.25,7.0,11.25,,,28.95,24.09,25.06,24.53,,,102.63,34.0,9.3,54,162
11,11,2502,9,0.0,8.25,3,AUS,Gelding,60,--,971.0,111,2,3,3,3,9.0,,,2.25,2.0,2.0,8.25,,,28.03,23.85,25.42,24.87,,,102.17,8.4,2.5,47,38
11,12,3161,4,0.0,3.75,3,USA,Gelding,60,--,1063.0,109,10,5,6,5,4.0,,,4.25,5.0,3.25,3.75,,,28.35,24.01,25.14,23.94,,,101.44,16.0,5.8,97,149
12,1,3124,1,1.0,0.0,3,NZ,Gelding,60,--,1037.0,133,8,7,7,1,,,,4.75,4.25,0.15,,,,24.68,23.03,22.7,,,,70.41,3.5,1.4,55,18
12,2,3393,9,0.0,4.5,3,GB,Horse,60,--,1027.0,133,9,11,11,9,,,,7.75,8.0,4.5,,,,25.16,23.15,22.83,,,,71.14,62.0,18.0,109,145
12,3,2094,8,0.0,4.25,3,IRE,Brown,60,--,1180.0,131,3,4,4,8,,,,2.0,1.5,4.25,,,,24.24,23.03,23.83,,,,71.1,14.0,5.2,118,2
12,4,4374,7,0.0,3.75,3,AUS,Gelding,60,--,1102.0,129,10,1,1,7,,,,1.25,0.5,3.75,,,,23.92,23.11,23.99,,,,71.02,9.0,2.5,98,64
12,5,2495,11,0.0,4.75,3,AUS,Gelding,60,--,1079.0,126,1,5,6,11,,,,3.25,3.25,4.75,,,,24.44,23.11,23.62,,,,71.17,8.4,2.5,54,34
12,6,907,2,0.0,0.15,3,AUS,Gelding,60,--,1137.0,126,2,2,3,2,,,,1.25,1.25,0.15,,,,24.12,23.11,23.19,,,,70.42,6.2,2.3,97,138
12,7,2966,3,0.0,1.0,3,NZ,Gelding,60,--,1091.0,125,7,10,10,3,,,,7.0,6.5,1.0,,,,25.04,23.03,22.5,,,,70.57,4.5,1.5,7,115
12,8,1360,4,0.0,2.25,3,NZ,Gelding,60,--,999.0,124,5,8,8,4,,,,5.0,5.5,2.25,,,,24.72,23.19,22.87,,,,70.78,15.0,6.1,137,183
12,9,3082,6,0.0,3.0,3,NZ,Gelding,60,--,1097.0,123,11,3,2,6,,,,2.0,0.5,3.0,,,,24.24,22.87,23.76,,,,70.87,26.0,7.0,128,69
12,10,3608,5,0.0,2.5,3,AUS,Gelding,60,--,1165.0,120,4,9,9,5,,,,6.5,5.75,2.5,,,,24.96,22.99,22.86,,,,70.81,16.0,4.3,63,151
12,11,3581,10,0.0,4.75,3,AUS,Gelding,60,--,1118.0,120,6,6,5,10,,,,3.5,3.0,4.75,,,,24.48,23.03,23.64,,,,71.15,16.0,4.5,60,162
12,12,1193,12,0.0,5.5,3,IRE,Gelding,60,--,1167.0,112,12,12,12,12,,,,10.25,9.5,5.5,,,,25.56,22.99,22.74,,,,71.29,99.0,28.0,4,38
13,1,4115,1,1.0,0.0,3,AUS,Gelding,60,--,1063.0,133,5,4,3,1,,,,1.0,0.75,0.5,,,,12.96,21.62,22.98,,,,57.56,7.0,1.7,47,69
13,2,3889,4,0.0,0.5,3,SAF,Gelding,60,--,1127.0,122,6,1,1,4,,,,0.25,0.15,0.5,,,,12.8,21.66,23.2,,,,57.66,21.0,5.6,128,149
13,3,3700,7,0.0,2.75,3,NZ,Gelding,60,--,1071.0,125,4,9,10,7,,,,4.0,4.75,2.75,,,,13.44,21.78,22.78,,,,58.0,12.0,2.9,128,151
13,4,3770,6,0.0,2.25,3,IRE,Gelding,60,--,1046.0,121,9,5,5,6,,,,1.5,2.0,2.25,,,,13.04,21.74,23.15,,,,57.93,30.0,6.6,54,59
13,5,3490,2,0.0,0.5,3,NZ,Gelding,60,--,1056.0,124,3,8,6,2,,,,3.5,2.75,0.5,,,,13.36,21.54,22.75,,,,57.65,1.7,1.0,132,2
13,6,2385,11,0.0,6.5,3,NZ,Gelding,60,--,1036.0,124,11,6,7,11,,,,2.75,3.25,6.5,,,,13.24,21.74,23.62,,,,58.6,99.0,25.0,118,154
13,7,725,12,0.0,11.5,3,AUS,Gelding,60,--,1018.0,121,8,2,2,12,,,,0.25,0.15,11.5,,,,12.84,21.62,24.94,,,,59.4,15.0,3.6,164,34
13,8,4116,3,0.0,0.5,3,NZ,Gelding,60,--,1005.0,119,1,3,4,3,,,,0.75,1.5,0.5,,,,12.92,21.78,22.96,,,,57.66,7.7,1.7,55,38
13,9,395,8,0.0,4.25,3,NZ,Gelding,60,--,1112.0,118,10,10,11,8,,,,4.75,5.75,4.25,,,,13.56,21.82,22.86,,,,58.24,45.0,12.0,47,155
13,10,4246,10,0.0,6.25,3,IRE,Gelding,60,--,1089.0,117,2,7,8,10,,,,3.0,4.0,6.25,,,,13.28,21.82,23.43,,,,58.53,22.0,6.4,63,131
13,11,3678,9,0.0,4.25,3,AUS,Gelding,60,--,1029.0,120,7,12,12,9,,,,6.75,6.0,4.25,,,,13.88,21.54,22.84,,,,58.26,34.0,6.7,98,64
13,12,2645,5,0.0,2.25,3,,,60,--,1107.0,120,12,11,9,5,,,,4.75,4.0,2.25,,,,13.56,21.54,22.83,,,,57.93,28.0,9.3,109,145
14,1,1653,6,0.0,4.5,3,NZ,Gelding,60,--,1095.0,131,12,2,2,2,6.0,,,0.75,0.75,0.5,4.5,,,27.85,24.89,24.62,24.2,,,101.56,39.0,10.0,109,162
14,2,2975,9,0.0,5.5,3,NZ,Gelding,60,--,1129.0,130,4,12,12,12,9.0,,,10.0,8.25,8.0,5.5,,,29.33,24.61,24.62,23.15,,,101.71,14.0,3.2,97,138
14,3,2479,2,0.0,1.75,3,NZ,Brown,60,--,1071.0,129,11,4,4,4,2.0,,,2.0,2.25,2.0,1.75,,,28.05,24.93,24.62,23.52,,,101.12,16.0,3.4,98,64
14,4,2052,8,0.0,5.0,3,NZ,Gelding,60,--,1030.0,126,10,1,1,1,8.0,,,0.75,0.75,0.5,5.0,,,27.73,24.89,24.66,24.35,,,101.63,33.0,8.8,54,34
14,5,385,5,0.0,4.0,3,NZ,Gelding,60,--,1049.0,126,7,6,6,6,5.0,,,4.0,3.75,3.75,4.0,,,28.37,24.85,24.66,23.59,,,101.47,22.0,5.6,164,57
14,6,3302,11,0.0,6.25,3,AUS,Brown,60,--,1040.0,121,5,9,9,9,11.0,,,7.0,6.0,6.25,6.25,,,28.85,24.73,24.7,23.57,,,101.85,2.3,1.3,118,2
14,7,3734,12,0.0,6.75,3,AUS,Gelding,60,--,1127.0,120,3,11,11,11,12.0,,,8.5,7.5,7.75,6.75,,,29.09,24.73,24.7,23.38,,,101.9,5.8,2.1,29,18
14,8,3115,10,0.0,5.5,3,AUS,Gelding,60,--,1156.0,120,8,8,8,8,10.0,,,6.25,5.5,5.5,5.5,,,28.73,24.77,24.66,23.57,,,101.73,23.0,7.4,38,154
14,9,1785,7,0.0,4.5,3,AUS,Gelding,60,--,1077.0,117,2,5,5,5,7.0,,,3.25,3.0,3.25,4.5,,,28.25,24.85,24.7,23.77,,,101.57,7.3,1.8,75,131
14,10,3897,3,0.0,3.25,3,IRE,Gelding,60,--,1031.0,112,1,7,7,7,3.0,,,5.25,4.5,4.0,3.25,,,28.57,24.77,24.58,23.43,,,101.35,7.9,2.2,132,128
14,11,891,4,0.0,3.75,3,NZ,Gelding,60,--,1109.0,108,9,10,10,10,4.0,,,8.0,7.0,6.75,3.75,,,29.01,24.73,24.62,23.07,,,101.43,21.0,6.0,47,52
14,12,2192,1,1.0,0.0,3,NZ,Gelding,60,--,1079.0,112,6,3,3,3,1.0,,,1.5,1.5,1.75,1.75,,,27.97,24.89,24.7,23.27,,,100.83,26.0,9.1,128,151
15,1,1523,10,0.0,5.5,3,IRE,Gelding,60,--,1056.0,133,5,10,11,10,,,,5.25,9.25,5.5,,,,13.68,22.14,22.22,,,,58.04,12.0,4.1,138,18
15,2,4248,2,0.0,0.5,3,IRE,Gelding,60,--,1108.0,133,6,5,5,2,,,,2.5,4.0,0.5,,,,13.24,21.74,22.29,,,,57.27,24.0,8.0,7,115
15,3,1728,6,0.0,4.25,3,AUS,Gelding,60,--,1110.0,125,3,1,1,6,,,,1.0,1.0,4.25,,,,12.84,21.5,23.52,,,,57.86,12.0,3.3,29,52
15,4,3932,3,0.0,2.75,3,AUS,Gelding,60,--,1153.0,128,12,3,3,3,,,,2.0,2.5,2.75,,,,13.16,21.58,22.87,,,,57.61,12.0,4.2,132,183
15,5,3745,7,0.0,4.75,3,NZ,Rig,60,--,1064.0,122,11,11,9,7,,,,6.25,7.75,4.75,,,,13.84,21.74,22.35,,,,57.93,3.3,1.4,80,59
15,6,1226,11,0.0,5.75,3,AUS,Gelding,60,--,1173.0,126,1,9,8,11,,,,4.75,7.0,5.75,,,,13.6,21.86,22.61,,,,58.07,10.0,2.4,47,69
15,7,3709,12,0.0,8.25,3,NZ,Gelding,60,--,1051.0,122,9,12,12,12,,,,6.5,11.75,8.25,,,,13.88,22.34,22.23,,,,58.45,6.9,3.1,164,57
15,8,131,1,1.0,0.0,3,NZ,Gelding,60,--,1138.0,122,8,2,2,1,,,,1.0,1.0,0.5,,,,13.0,21.5,22.67,,,,57.17,6.6,2.0,118,2
15,9,1927,5,0.0,3.75,3,AUS,Gelding,60,--,1214.0,120,7,6,6,5,,,,3.5,5.5,3.75,,,,13.4,21.82,22.56,,,,57.78,20.0,6.0,109,145
15,10,2323,8,0.0,5.25,3,AUS,Brown,60,--,1113.0,110,10,8,10,8,,,,4.5,7.75,5.25,,,,13.56,22.02,22.4,,,,57.98,24.0,7.3,97,149
15,11,2995,8,0.0,5.25,3,AUS,Gelding,60,--,1188.0,109,2,4,4,8,,,,2.5,3.25,5.25,,,,13.24,21.62,23.12,,,,57.98,9.0,2.7,137,128
15,12,258,4,0.0,3.75,3,NZ,Gelding,60,--,1159.0,115,4,7,7,4,,,,4.25,6.5,3.75,,,,13.52,21.86,22.39,,,,57.77,31.0,8.6,60,154
16,1,1520,6,0.0,5.75,3,IRE,Gelding,60,--,1109.0,133,7,10,8,9,6.0,,,5.75,5.5,6.0,5.75,,,28.42,22.79,25.08,24.93,,,101.22,12.0,4.1,118,2
16,2,386,7,0.0,6.5,3,NZ,Gelding,60,--,1080.0,126,10,1,2,2,7.0,,,0.25,0.75,1.25,6.5,,,27.5,22.95,25.08,25.81,,,101.34,10.0,4.1,164,149
16,3,397,11,0.0,20.25,3,AUS,Gelding,60,--,1145.0,128,4,5,3,5,11.0,,,2.25,1.75,4.0,20.25,,,27.86,22.75,25.36,27.59,,,103.56,30.0,8.2,98,34
16,4,3603,9,0.0,8.5,3,NZ,Gelding,60,--,1177.0,129,6,6,6,6,9.0,,,3.5,4.0,4.5,8.5,,,28.06,22.91,25.08,25.63,,,101.68,7.7,2.5,69,64
16,5,2628,5,0.0,5.25,3,NZ,Gelding,60,--,1044.0,127,8,12,11,12,5.0,,,8.0,8.0,7.25,5.25,,,28.78,22.83,24.88,24.67,,,101.16,18.0,5.0,138,115
16,6,3767,8,0.0,7.25,3,IRE,Gelding,60,--,1119.0,124,12,9,10,11,8.0,,,5.5,7.5,7.0,7.25,,,28.38,23.15,24.92,25.03,,,101.48,27.0,8.8,75,162
16,7,93,3,0.0,2.25,3,NZ,Gelding,60,--,1125.0,125,1,2,1,1,3.0,,,0.25,0.75,1.25,2.25,,,27.54,22.79,25.0,25.34,,,100.67,3.1,1.5,97,69
16,8,2506,2,0.0,0.75,3,AUS,Gelding,60,--,1093.0,119,5,7,7,7,2.0,,,3.75,4.0,4.5,0.75,,,28.1,22.87,25.08,24.41,,,100.46,11.0,3.5,80,59
16,9,4245,4,0.0,4.75,3,AUS,Gelding,60,--,1198.0,124,11,8,9,8,4.0,,,4.25,5.75,5.0,4.75,,,28.18,23.07,24.88,24.95,,,101.08,39.0,10.0,38,18
16,10,2393,10,0.0,11.25,3,AUS,Gelding,60,--,1119.0,121,2,3,4,4,10.0,,,1.75,2.0,3.25,11.25,,,27.78,22.87,25.2,26.24,,,102.09,23.0,4.9,9,145
16,11,1683,1,1.0,0.0,3,IRE,Gelding,60,--,1088.0,116,9,11,12,10,1.0,,,6.5,8.75,6.5,0.75,,,28.54,23.19,24.64,23.95,,,100.32,5.6,1.5,7,154
16,12,1737,12,0.0,20.25,3,IRE,Gelding,60,--,1125.0,121,3,4,5,3,12.0,,,2.0,2.25,3.0,20.25,,,27.82,22.87,25.12,27.76,,,103.57,7.9,2.2,47,138
17,1,723,1,1.0,0.0,3,AUS,Gelding,60,--,1213.0,133,4,5,6,1,,,,2.0,3.5,0.5,,,,24.34,22.77,22.89,,,,70.0,3.3,1.5,7,115
17,2,2669,9,0.0,4.75,3,AUS,Gelding,60,--,1186.0,124,1,3,4,9,,,,1.25,2.25,4.75,,,,24.22,22.69,23.85,,,,70.76,14.0,3.5,63,59
17,3,3786,7,0.0,2.25,3,AUS,Gelding,60,--,1068.0,126,11,9,8,7,,,,3.5,4.5,2.25,,,,24.58,22.69,23.1,,,,70.37,17.0,5.0,47,138
17,4,380,6,0.0,2.0,3,NZ,Gelding,60,--,1108.0,122,8,2,2,6,,,,0.75,1.25,2.0,,,,24.14,22.61,23.58,,,,70.33,41.0,8.8,38,151
17,5,2092,8,0.0,3.25,3,IRE,Gelding,60,--,1125.0,118,2,1,1,8,,,,0.75,1.25,3.25,,,,24.02,22.53,23.97,,,,70.52,16.0,3.8,9,34
17,6,2434,12,0.0,14.75,3,AUS,Gelding,60,--,1117.0,116,6,8,9,12,,,,2.75,5.75,14.75,,,,24.46,23.01,24.9,,,,72.37,38.0,10.0,75,131
17,7,1022,2,0.0,0.5,3,GB,Gelding,60,--,1085.0,119,3,7,7,2,,,,2.75,4.25,0.5,,,,24.46,22.77,22.85,,,,70.08,7.4,2.0,128,154
17,8,1901,5,0.0,0.75,3,NZ,Gelding,60,--,1137.0,118,10,6,3,5,,,,2.0,1.5,0.75,,,,24.34,22.45,23.35,,,,70.14,3.4,1.5,97,69
17,9,105,10,0.0,5.75,3,NZ,Gelding,60,--,1081.0,111,12,10,10,10,,,,3.75,6.25,5.75,,,,24.62,22.93,23.37,,,,70.92,39.0,8.6,70,128
17,10,3253,11,0.0,11.75,3,NZ,Gelding,60,--,1100.0,114,7,11,12,11,,,,4.0,7.0,11.75,,,,24.66,23.01,24.21,,,,71.88,31.0,7.6,69,162
17,11,2670,3,0.0,0.75,3,AUS,Gelding,60,--,1114.0,118,9,4,5,3,,,,1.25,2.75,0.75,,,,24.22,22.77,23.12,,,,70.11,7.4,2.8,118,2
17,12,1910,4,0.0,0.75,3,NZ,Gelding,60,--,1051.0,110,5,12,11,4,,,,6.5,6.5,0.75,,,,25.06,22.53,22.53,,,,70.12,15.0,3.4,164,149
18,1,394,3,0.0,1.75,3,NZ,Gelding,60,--,1092.0,133,4,6,5,3,,,,2.5,2.5,1.75,,,,13.65,20.8,22.72,,,,57.17,13.0,3.4,118,69
18,2,4060,6,0.0,5.0,3,NZ,Gelding,60,--,979.0,132,6,5,6,6,,,,2.25,3.0,5.0,,,,13.61,20.92,23.16,,,,57.69,6.8,1.6,132,138
18,3,3905,1,1.0,0.0,3,AUS,Brown,60,--,1134.0,128,8,2,1,1,,,,0.25,0.25,1.5,,,,13.29,20.76,22.84,,,,56.89,14.0,4.0,128,151
18,4,2641,8,0.0,6.5,3,USA,Gelding,60,--,1052.0,128,3,7,7,8,,,,3.5,3.25,6.5,,,,13.81,20.76,23.34,,,,57.91,19.0,5.7,7,115
18,5,1849,2,0.0,1.5,3,NZ,Gelding,60,--,1110.0,127,1,8,8,2,,,,3.5,4.5,1.5,,,,13.81,20.96,22.34,,,,57.11,3.2,1.3,55,18
18,7,1198,5,0.0,4.25,3,NZ,Gelding,60,--,1070.0,124,5,4,4,5,,,,1.75,2.25,4.25,,,,13.53,20.88,23.16,,,,57.57,3.6,1.5,47,2
18,8,4023,7,0.0,5.25,3,NZ,Gelding,60,--,1091.0,121,9,1,3,7,,,,0.25,1.0,5.25,,,,13.25,20.96,23.48,,,,57.69,4.4,1.6,60,64
18,9,1761,4,0.0,2.5,3,NZ,Gelding,60,--,1039.0,115,2,3,2,4,,,,0.25,0.25,2.5,,,,13.29,20.8,23.2,,,,57.29,36.0,7.1,75,131
18,10,2228,9,0.0,8.25,3,AUS,Gelding,60,--,1095.0,113,7,9,9,9,,,,3.75,5.5,8.25,,,,13.85,21.08,23.25,,,,58.18,29.0,9.1,4,162
19,1,4347,3,0.0,1.5,3,NZ,Gelding,60,--,1057.0,131,7,8,9,9,3.0,,,4.5,7.25,5.5,1.5,,,25.55,23.72,23.31,22.87,,,95.45,8.4,2.1,47,162
19,2,103,6,0.0,2.75,3,NZ,Gelding,60,--,1129.0,121,8,10,10,10,6.0,,,7.0,8.0,7.25,2.75,,,25.95,23.44,23.47,22.78,,,95.64,11.0,3.1,60,63
19,3,4061,7,0.0,5.25,3,NZ,Gelding,60,--,1133.0,124,5,2,2,3,7.0,,,1.0,1.75,1.25,5.25,,,24.99,23.4,23.51,24.11,,,96.01,27.0,8.4,75,149
19,4,2199,9,0.0,5.75,3,NZ,Gelding,60,--,1079.0,126,4,5,7,7,9.0,,,3.0,5.5,4.75,5.75,,,25.31,23.68,23.47,23.65,,,96.11,4.2,1.5,75,18
19,5,2688,5,0.0,2.25,3,NZ,Gelding,60,--,1225.0,125,10,1,1,1,5.0,,,1.0,1.75,1.25,2.25,,,24.83,23.28,23.59,23.88,,,95.58,9.9,3.0,9,69
19,6,2174,10,0.0,16.25,3,AUS,Brown,60,--,1149.0,122,6,3,3,6,10.0,,,1.25,1.75,4.0,16.25,,,25.03,23.36,23.95,25.47,,,97.81,69.0,17.0,97,138
19,7,1785,1,1.0,0.0,3,AUS,Gelding,60,--,1055.0,118,2,4,4,2,1.0,,,2.25,3.25,1.25,0.5,,,25.19,23.44,23.27,23.3,,,95.2,10.0,2.8,75,131
19,8,1250,8,0.0,5.5,3,IRE,Gelding,60,--,1076.0,119,9,9,8,8,8.0,,,5.0,6.75,5.5,5.5,,,25.63,23.56,23.39,23.48,,,96.06,48.0,12.0,132,64
19,9,4055,4,0.0,2.25,3,NZ,Gelding,60,--,1048.0,117,1,7,6,5,4.0,,,3.5,5.0,3.75,2.25,,,25.39,23.52,23.39,23.26,,,95.56,2.9,1.2,63,2
19,10,2170,2,0.0,0.5,3,AUS,Gelding,60,--,1171.0,112,3,6,5,4,2.0,,,3.25,3.5,2.0,0.5,,,25.35,23.32,23.35,23.28,,,95.3,6.2,2.1,47,151
20,1,3690,9,0.0,6.25,3,IRE,Gelding,60,--,1214.0,133,7,2,4,9,,,,0.25,0.75,6.25,,,,13.42,20.96,23.2,,,,57.58,12.0,3.4,97,69
20,2,507,10,0.0,9.75,3,NZ,Gelding,60,--,1158.0,133,10,9,10,10,,,,2.25,4.5,9.75,,,,13.74,21.24,23.16,,,,58.14,7.9,2.0,97,18
20,3,3691,3,0.0,2.75,3,IRE,Gelding,60,--,1048.0,133,8,3,1,3,,,,0.25,0.15,2.75,,,,13.42,20.84,22.75,,,,57.01,11.0,3.8,109,145
20,4,3997,8,0.0,6.25,3,GB,Gelding,60,--,990.0,130,2,6,7,8,,,,1.0,2.25,6.25,,,,13.54,21.08,22.95,,,,57.57,80.0,16.0,29,131
20,6,558,6,0.0,3.75,3,GB,Gelding,60,--,1106.0,123,1,4,3,6,,,,0.5,0.5,3.75,,,,13.46,20.88,22.82,,,,57.16,2.9,1.4,118,2
20,7,3446,5,0.0,3.25,3,AUS,Gelding,60,--,1080.0,119,9,8,6,5,,,,2.0,1.25,3.25,,,,13.7,20.76,22.62,,,,57.08,3.7,1.3,55,38
20,8,4008,2,0.0,2.0,3,AUS,Gelding,60,--,1151.0,120,3,1,2,2,,,,0.25,0.15,2.0,,,,13.38,20.88,22.64,,,,56.9,10.0,3.8,4,64
20,9,3708,1,1.0,0.0,3,NZ,Gelding,60,--,1115.0,116,5,5,5,1,,,,0.75,0.75,2.0,,,,13.5,20.88,22.2,,,,56.58,18.0,3.5,75,162
20,10,377,4,0.0,3.0,3,AUS,Gelding,60,--,1199.0,116,6,10,9,4,,,,2.5,3.75,3.0,,,,13.78,21.08,22.18,,,,57.04,28.0,7.2,98,34
20,11,588,7,0.0,4.75,3,AUS,Gelding,60,--,1131.0,110,4,7,8,7,,,,1.0,2.5,4.75,,,,13.54,21.12,22.67,,,,57.33,8.8,2.6,47,52
21,1,1677,3,0.0,3.0,3,NZ,Gelding,60,--,1219.0,133,8,10,9,3,,,,6.0,8.25,3.0,,,,24.94,22.47,22.78,,,,70.19,14.0,3.4,9,183
21,2,3438,4,0.0,3.75,3,NZ,Gelding,60,--,1044.0,129,6,5,4,4,,,,3.25,4.0,3.75,,,,24.5,22.23,23.6,,,,70.33,8.3,1.8,47,162
21,3,3132,6,0.0,5.75,3,AUS,Brown,60,--,1094.0,131,3,3,3,6,,,,2.0,3.25,5.75,,,,24.3,22.31,24.03,,,,70.64,12.0,3.3,164,57
21,4,1441,7,0.0,7.5,3,NZ,Gelding,60,--,1098.0,127,7,4,5,7,,,,2.25,5.0,7.5,,,,24.34,22.55,24.03,,,,70.92,46.0,11.0,54,34
21,5,4317,1,1.0,0.0,3,AUS,Gelding,60,--,1154.0,129,9,1,1,1,,,,1.75,2.25,2.25,,,,23.98,22.11,23.64,,,,69.73,7.0,2.0,109,145
21,6,3487,2,0.0,2.25,3,IRE,Gelding,60,--,1170.0,129,10,7,7,2,,,,4.5,6.75,2.25,,,,24.7,22.47,22.91,,,,70.08,4.6,1.7,128,2
21,7,3106,9,0.0,10.25,3,NZ,Gelding,60,--,1113.0,124,5,8,8,9,,,,4.75,7.25,10.25,,,,24.74,22.51,24.12,,,,71.37,73.0,20.0,55,38
21,8,252,5,0.0,5.0,3,AUS,Gelding,60,--,1154.0,124,4,2,2,5,,,,1.75,2.25,5.0,,,,24.26,22.19,24.07,,,,70.52,2.3,1.2,97,18
21,9,2964,10,0.0,10.25,3,NZ,Gelding,60,--,1068.0,117,2,6,6,10,,,,3.5,5.25,10.25,,,,24.54,22.39,24.46,,,,71.39,20.0,5.0,75,151
21,10,1912,8,0.0,10.25,3,AUS,Gelding,60,--,1053.0,115,1,9,10,8,,,,6.0,8.25,10.25,,,,24.94,22.47,23.94,,,,71.35,12.0,3.6,63,131
22,1,876,9,0.0,4.25,3,NZ,Gelding,60,--,1164.0,131,8,2,1,1,9.0,,,0.5,0.5,1.25,4.25,,,13.94,22.39,23.23,24.12,,,83.68,59.0,17.0,47,162
22,2,578,4,0.0,3.5,3,USA,Gelding,60,--,1119.0,133,14,10,7,7,4.0,,,3.25,3.5,3.5,3.5,,,14.38,22.51,23.23,23.42,,,83.54,6.0,2.2,138,2
22,3,4026,3,0.0,2.75,3,NZ,Gelding,60,--,1015.0,133,2,5,8,8,3.0,,,1.5,3.5,3.75,2.75,,,14.1,22.79,23.27,23.26,,,83.42,11.0,3.3,132,183
22,4,3127,5,0.0,3.5,3,NZ,Gelding,60,--,1058.0,133,12,11,12,12,5.0,,,4.0,6.5,5.25,3.5,,,14.5,22.87,23.03,23.17,,,83.57,16.0,5.2,80,154
22,5,882,12,0.0,5.75,3,AUS,Gelding,60,--,1224.0,122,11,14,14,13,12.0,,,4.5,6.75,7.0,5.75,,,14.58,22.83,23.27,23.23,,,83.91,28.0,10.0,9,63
22,6,1315,2,0.0,1.75,3,NZ,Gelding,60,--,1238.0,131,1,3,6,6,2.0,,,1.0,2.75,2.25,1.75,,,14.02,22.75,23.15,23.35,,,83.27,7.3,2.1,55,69
22,7,4376,6,0.0,3.75,3,NZ,Gelding,60,--,1053.0,130,6,8,11,11,6.0,,,2.75,5.0,5.0,3.75,,,14.3,22.83,23.23,23.23,,,83.59,13.0,4.3,38,115
22,8,1097,14,0.0,10.25,3,IRE,Gelding,60,--,1091.0,126,9,4,2,3,14.0,,,1.0,0.5,1.25,10.25,,,14.02,22.39,23.35,24.86,,,84.62,27.0,9.9,69,64
22,9,905,1,1.0,0.0,3,AUS,Gelding,60,--,1161.0,126,13,12,10,10,1.0,,,4.25,5.0,4.75,1.75,,,14.54,22.59,23.19,22.68,,,83.0,4.6,1.9,29,18
22,10,4320,8,0.0,4.0,3,NZ,Gelding,60,--,1068.0,125,3,7,9,9,8.0,,,2.5,4.0,4.0,4.0,,,14.26,22.71,23.23,23.44,,,83.64,10.0,2.8,109,145
22,11,3838,7,0.0,3.75,3,IRE,Gelding,60,--,1087.0,121,10,9,4,4,7.0,,,2.75,1.75,1.75,3.75,,,14.3,22.31,23.23,23.77,,,83.61,9.8,3.7,117,38
22,12,544,11,0.0,5.5,3,NZ,Gelding,60,--,1065.0,121,4,6,5,5,11.0,,,1.5,2.0,2.25,5.5,,,14.1,22.55,23.27,23.96,,,83.88,9.9,3.0,128,151
22,13,3606,10,0.0,5.0,3,NZ,Gelding,60,--,1085.0,120,5,1,3,2,10.0,,,0.5,1.0,1.25,5.0,,,13.86,22.63,23.27,24.04,,,83.8,17.0,5.6,98,138
22,14,2195,13,0.0,8.5,3,NZ,Gelding,60,--,1026.0,116,7,13,13,14,13.0,,,4.5,6.5,8.75,8.5,,,14.58,22.79,23.59,23.38,,,84.34,44.0,11.0,54,34
23,1,2618,10,0.0,5.25,3,NZ,Gelding,60,--,1181.0,133,5,4,6,6,10.0,,,1.75,2.75,1.75,5.25,,,13.97,23.36,23.37,23.38,,,84.08,15.0,4.2,97,115
23,2,2680,1,1.0,0.0,3,NZ,Gelding,60,--,1081.0,132,6,8,8,7,1.0,,,3.25,4.0,2.25,0.5,,,14.21,23.32,23.25,22.49,,,83.27,6.3,1.8,75,18
23,3,3791,2,0.0,0.5,3,AUS,Gelding,60,--,1084.0,130,7,6,5,5,2.0,,,3.0,1.75,1.5,0.5,,,14.17,23.0,23.49,22.69,,,83.35,2.3,1.3,118,2
23,4,1184,5,0.0,2.25,3,AUS,Gelding,60,--,1107.0,130,11,12,11,11,5.0,,,4.75,5.25,3.75,2.25,,,14.45,23.28,23.29,22.6,,,83.62,16.0,3.7,132,64
23,5,1069,11,0.0,5.5,3,IRE,Gelding,60,--,1116.0,126,1,11,14,13,11.0,,,4.75,6.75,5.25,5.5,,,14.45,23.52,23.29,22.89,,,84.15,30.0,9.4,97,138
23,6,2775,12,0.0,5.5,3,NZ,Gelding,60,--,1146.0,124,2,5,7,8,12.0,,,2.0,3.25,2.25,5.5,,,14.01,23.4,23.37,23.39,,,84.17,16.0,4.3,70,155
23,7,470,7,0.0,3.25,3,AUS,Gelding,60,--,1014.0,124,14,14,12,12,7.0,,,6.25,5.75,4.25,3.25,,,14.69,23.12,23.29,22.66,,,83.76,15.0,4.4,54,34
23,8,471,9,0.0,5.0,3,AUS,Gelding,60,--,1185.0,123,13,13,13,14,9.0,,,5.75,6.75,5.5,5.0,,,14.61,23.36,23.33,22.76,,,84.06,26.0,8.8,69,162
23,9,711,6,0.0,3.25,3,AUS,Gelding,60,--,1089.0,122,12,9,2,2,6.0,,,4.0,0.5,0.5,3.25,,,14.33,22.64,23.53,23.25,,,83.75,11.0,2.8,55,183
23,10,1689,14,0.0,8.75,3,AUS,Gelding,60,--,1034.0,112,9,1,1,1,14.0,,,1.25,0.5,0.5,8.75,,,13.69,23.2,23.53,24.26,,,84.68,20.0,5.8,47,52
23,11,72,4,0.0,1.5,3,NZ,Gelding,60,--,1098.0,113,3,7,10,10,4.0,,,3.0,5.25,3.0,1.5,,,14.17,23.56,23.17,22.62,,,83.52,16.0,4.1,138,128
23,12,104,3,0.0,1.5,3,AUS,Gelding,60,--,959.0,117,8,10,9,9,3.0,,,4.5,4.25,2.75,1.5,,,14.41,23.16,23.29,22.65,,,83.51,25.0,5.2,9,154
23,13,1032,13,0.0,7.75,3,IRE,Gelding,60,--,989.0,114,10,2,3,3,13.0,,,1.25,0.75,0.5,7.75,,,13.89,23.12,23.49,24.02,,,84.52,74.0,19.0,47,38
23,14,2683,8,0.0,3.75,3,NZ,Gelding,60,--,1087.0,114,4,3,4,4,8.0,,,1.75,1.75,1.25,3.75,,,13.97,23.2,23.45,23.24,,,83.86,18.0,5.7,98,151
24,1,2001,2,0.0,1.0,3,AUS,Gelding,60,--,1200.0,129,8,8,8,7,2.0,,,5.5,5.5,4.5,1.0,,,26.55,25.45,23.22,21.4,,,96.62,10.0,2.1,97,138
24,2,3933,3,0.0,1.25,3,AUS,Gelding,60,--,1130.0,128,4,6,6,6,3.0,,,4.0,4.0,3.5,1.25,,,26.31,25.45,23.3,21.62,,,96.68,14.0,3.6,97,64
24,3,3746,6,0.0,2.5,3,NZ,Brown,60,--,1137.0,123,2,1,1,1,6.0,,,1.25,1.0,0.25,2.5,,,25.67,25.45,23.38,22.39,,,96.89,5.2,1.6,137,128
24,4,2432,4,0.0,2.25,3,AUS,Gelding,60,--,1100.0,126,6,4,4,3,4.0,,,2.75,2.5,1.5,2.25,,,26.11,25.41,23.22,22.08,,,96.82,3.3,1.4,47,2
24,5,26,7,0.0,3.25,3,NZ,Gelding,60,--,1114.0,120,5,5,5,5,7.0,,,3.25,3.5,3.0,3.25,,,26.19,25.49,23.3,22.02,,,97.0,23.0,6.3,47,59
24,7,3698,8,0.0,5.25,3,USA,Gelding,60,--,1046.0,124,7,9,9,9,8.0,,,6.5,7.0,6.25,5.25,,,26.71,25.53,23.26,21.82,,,97.32,29.0,6.1,164,57
24,8,232,1,1.0,0.0,3,IRE,Gelding,60,--,1159.0,122,9,2,2,2,1.0,,,1.25,1.0,0.25,1.0,,,25.87,25.41,23.26,21.93,,,96.47,2.6,1.2,7,115
24,9,1403,5,0.0,2.25,3,NZ,Gelding,60,--,1250.0,122,1,3,3,4,5.0,,,1.5,1.5,1.75,2.25,,,25.91,25.45,23.42,22.04,,,96.82,13.0,2.9,38,154
24,10,3444,9,0.0,7.25,3,AUS,Gelding,60,--,1156.0,118,3,7,7,8,9.0,,,5.25,5.0,5.0,7.25,,,26.51,25.41,23.38,22.33,,,97.63,47.0,9.8,118,69
25,1,4364,9,0.0,8.25,3,AUS,Gelding,60,--,1168.0,128,8,11,12,9,,,,6.0,7.25,8.25,,,,24.74,22.86,23.09,,,,70.69,83.0,16.0,80,59
25,2,4047,11,0.0,10.25,3,USA,Brown,60,--,1084.0,130,5,4,5,11,,,,1.5,3.0,10.25,,,,24.02,22.9,24.1,,,,71.02,14.0,4.4,47,162
25,3,2791,8,0.0,6.25,3,ARG,Gelding,60,--,1070.0,130,12,3,3,8,,,,0.25,1.5,6.25,,,,23.82,22.86,23.69,,,,70.37,37.0,8.5,98,34
25,4,3354,4,0.0,2.25,3,AUS,Gelding,60,--,1210.0,124,2,5,4,4,,,,2.25,2.25,2.25,,,,24.14,22.66,22.92,,,,69.72,9.0,2.4,9,128
25,5,1661,2,0.0,0.5,3,NZ,Gelding,60,--,1051.0,127,11,6,6,2,,,,2.75,3.5,0.5,,,,24.22,22.78,22.49,,,,69.49,13.0,3.0,97,18
25,6,3449,5,0.0,3.25,3,NZ,Gelding,60,--,1100.0,126,6,7,7,5,,,,2.75,4.25,3.25,,,,24.22,22.9,22.77,,,,69.89,4.9,1.7,60,64
25,7,1107,3,0.0,1.75,3,IRE,Gelding,60,--,1064.0,123,10,10,8,3,,,,3.75,5.0,1.75,,,,24.38,22.86,22.43,,,,69.67,9.6,3.2,164,57
25,8,2007,12,0.0,11.0,3,AUS,Gelding,60,--,984.0,112,3,9,9,12,,,,3.75,5.0,11.0,,,,24.38,22.86,23.91,,,,71.15,99.0,28.0,55,52
25,9,584,1,1.0,0.0,3,AUS,Gelding,60,--,1099.0,119,1,2,1,1,,,,0.15,0.75,0.5,,,,23.78,22.66,22.96,,,,69.4,2.5,1.2,7,115
25,10,2307,7,0.0,4.0,3,AUS,Gelding,60,--,1145.0,117,7,1,2,7,,,,0.15,0.75,4.0,,,,23.78,22.78,23.47,,,,70.03,8.8,2.4,118,2
25,11,3170,6,0.0,3.5,3,NZ,Gelding,60,--,1148.0,112,4,8,10,6,,,,3.75,5.5,3.5,,,,24.38,22.94,22.62,,,,69.94,11.0,3.4,69,149
25,12,4034,10,0.0,8.5,3,NZ,Gelding,60,--,1110.0,106,9,12,11,10,,,,7.0,7.25,8.5,,,,24.9,22.7,23.17,,,,70.77,99.0,24.0,54,63
26,1,2200,7,0.0,3.25,3,NZ,Gelding,60,--,1142.0,133,10,2,2,2,7.0,,,1.0,1.0,0.25,3.25,,,13.68,22.91,22.83,22.92,,,82.34,23.0,6.3,117,145
26,2,1204,11,0.0,8.25,3,FR,Horse,60,--,1157.0,132,1,5,8,11,11.0,,,2.5,4.5,5.0,8.25,,,13.92,23.23,23.03,22.96,,,83.14,27.0,8.8,7,115
26,3,4198,1,1.0,0.0,3,NZ,Gelding,60,--,1157.0,130,3,4,4,3,1.0,,,1.75,2.25,1.25,1.5,,,13.8,22.99,22.79,22.22,,,81.8,5.9,1.7,137,69
26,4,4037,8,0.0,3.75,3,NZ,Gelding,60,--,1267.0,130,12,1,1,1,8.0,,,1.0,1.0,0.25,3.75,,,13.52,22.91,22.95,23.01,,,82.39,37.0,8.8,118,154
26,5,4044,4,0.0,2.25,3,GB,Gelding,60,--,1171.0,121,6,13,12,10,4.0,,,5.75,5.75,4.75,2.25,,,14.44,22.91,22.79,21.99,,,82.13,17.0,4.5,137,128
26,6,1517,3,0.0,2.0,3,IRE,Gelding,60,--,1185.0,126,5,8,7,5,3.0,,,3.75,3.5,3.25,2.0,,,14.12,22.87,22.91,22.22,,,82.12,4.4,1.8,7,183
26,7,1604,8,0.0,3.75,3,AUS,Gelding,60,--,1147.0,119,2,7,6,6,8.0,,,3.25,3.5,3.5,3.75,,,14.04,22.95,22.95,22.45,,,82.39,95.0,16.0,97,149
26,8,2090,13,0.0,11.5,3,GER,Gelding,60,--,1032.0,112,8,9,11,13,13.0,,,4.0,5.0,6.0,11.5,,,14.16,23.07,23.11,23.31,,,83.65,99.0,45.0,38,40
26,9,1402,2,0.0,1.5,3,AUS,Gelding,60,--,1098.0,121,7,11,9,8,2.0,,,4.75,4.75,4.25,1.5,,,14.28,22.91,22.87,21.97,,,82.03,8.3,2.2,97,138
26,11,3934,12,0.0,9.0,3,AUS,Gelding,60,--,1130.0,119,9,6,5,7,12.0,,,3.25,2.25,3.5,9.0,,,14.04,22.75,23.15,23.3,,,83.24,96.0,21.0,47,151
26,12,3621,10,0.0,8.25,3,AUS,Gelding,60,--,1134.0,117,11,3,3,4,10.0,,,1.25,2.0,2.0,8.25,,,13.72,23.03,22.95,23.43,,,83.13,15.0,4.1,75,162
26,13,4346,5,0.0,2.75,3,SAF,Gelding,60,--,1115.0,119,4,10,10,9,5.0,,,4.0,5.0,4.5,2.75,,,14.16,23.07,22.87,22.13,,,82.23,9.5,2.4,98,64
26,14,2373,6,0.0,2.75,3,AUS,Gelding,60,--,1081.0,118,13,12,13,12,6.0,,,5.0,6.5,5.75,2.75,,,14.32,23.15,22.83,21.95,,,82.25,2.9,1.4,29,18
27,1,1111,10,0.0,3.5,3,AUS,Gelding,60,--,1143.0,133,2,7,4,5,10.0,,,1.5,2.75,2.25,3.5,,,13.99,22.26,23.81,23.14,,,83.2,45.0,7.7,55,138
27,2,4372,8,0.0,3.25,3,AUS,Gelding,60,--,1117.0,133,12,14,14,14,8.0,,,4.5,9.5,7.25,3.25,,,14.47,22.86,23.53,22.29,,,83.15,1.7,1.1,29,18
27,3,3424,12,0.0,3.75,3,AUS,Gelding,60,--,1091.0,127,4,5,8,10,12.0,,,1.0,5.75,4.75,3.75,,,13.91,22.82,23.73,22.81,,,83.27,74.0,13.0,97,149
27,4,4045,2,0.0,0.5,3,GB,Gelding,60,--,1080.0,131,11,11,13,13,2.0,,,2.75,8.25,6.5,0.5,,,14.19,22.94,23.61,21.98,,,82.72,9.6,2.1,7,115
27,5,2013,1,1.0,0.0,3,NZ,Gelding,60,--,1084.0,127,5,9,7,6,1.0,,,2.5,4.75,3.0,0.5,,,14.15,22.42,23.61,22.47,,,82.65,14.0,3.1,4,155
27,6,1410,3,0.0,0.75,3,AUS,Gelding,60,--,1160.0,128,6,13,9,8,3.0,,,4.5,6.5,3.75,0.75,,,14.47,22.38,23.45,22.49,,,82.79,15.0,3.2,70,2
27,7,3166,4,0.0,1.0,3,USA,Gelding,60,--,1149.0,124,14,6,5,3,4.0,,,1.5,2.75,1.75,1.0,,,13.99,22.26,23.73,22.83,,,82.81,10.0,2.7,137,183
27,8,2131,7,0.0,2.25,3,NZ,Gelding,60,--,949.0,122,10,12,12,9,7.0,,,3.25,8.0,4.75,2.25,,,14.27,22.82,23.37,22.54,,,83.0,46.0,7.7,69,154
27,9,255,13,0.0,4.75,3,NZ,Gelding,60,--,1100.0,119,9,10,10,12,13.0,,,2.75,7.0,5.5,4.75,,,14.19,22.74,23.65,22.83,,,83.41,21.0,5.1,38,162
27,10,3453,11,0.0,3.75,3,AUS,Gelding,60,--,1084.0,119,7,3,2,2,11.0,,,0.5,1.25,1.0,3.75,,,13.83,22.18,23.85,23.39,,,83.25,30.0,7.4,98,64
27,11,1314,14,0.0,5.0,3,IRE,Gelding,60,--,1067.0,114,3,4,6,7,14.0,,,1.0,4.25,3.5,5.0,,,13.91,22.58,23.77,23.18,,,83.44,77.0,16.0,138,34
27,12,3035,9,0.0,3.25,3,NZ,Gelding,60,--,1103.0,110,1,2,3,4,9.0,,,0.25,1.5,1.75,3.25,,,13.79,22.26,23.93,23.19,,,83.17,14.0,4.2,80,59
27,13,484,5,0.0,1.5,3,AUS,Gelding,60,--,1151.0,111,8,1,1,1,5.0,,,0.25,1.25,1.0,1.5,,,13.75,22.06,23.89,23.2,,,82.9,15.0,3.4,47,151
27,14,2971,6,0.0,1.75,3,NZ,Gelding,60,--,1016.0,103,13,8,11,11,6.0,,,1.5,7.0,5.25,1.75,,,13.99,22.94,23.61,22.37,,,82.91,66.0,22.0,164,63
28,1,1653,1,1.0,0.0,3,NZ,Gelding,60,--,1087.0,131,4,2,1,2,1.0,1.0,,0.15,0.5,0.75,0.25,0.75,,13.86,22.89,24.37,24.9,24.6,,110.62,9.3,2.3,109,162
28,2,3350,7,0.0,3.75,3,AUS,Gelding,60,--,1243.0,126,8,9,9,8,8.0,7.0,,3.25,4.75,5.25,6.0,3.75,,14.38,23.13,24.33,25.14,24.23,,111.21,39.0,9.2,55,52
28,3,3497,3,0.0,1.75,3,AUS,Gelding,60,--,1106.0,123,7,1,2,3,3.0,3.0,,0.15,0.5,1.75,1.5,1.75,,13.86,22.97,24.45,24.98,24.63,,110.89,5.6,2.1,4,34
28,4,133,4,0.0,3.0,3,NZ,Gelding,60,--,1131.0,123,5,5,6,7,7.0,4.0,,1.5,3.5,4.5,5.25,3.0,,14.1,23.21,24.41,25.14,24.23,,111.09,4.4,1.6,75,151
28,5,3489,2,0.0,0.75,3,GB,Gelding,60,--,1160.0,122,2,3,4,4,5.0,2.0,,0.5,2.0,2.75,3.0,0.75,,13.94,23.13,24.37,25.06,24.26,,110.76,10.0,2.8,132,183
28,6,3694,9,0.0,7.0,3,CAN,Brown,60,--,1122.0,120,6,6,3,1,2.0,9.0,,2.0,1.25,0.75,0.25,7.0,,14.18,22.77,24.05,25.06,25.68,,111.74,16.0,4.6,128,64
28,7,4224,6,0.0,3.5,3,IRE,Gelding,60,--,1045.0,113,1,7,7,6,6.0,6.0,,2.5,4.0,4.0,4.25,3.5,,14.26,23.13,24.25,25.06,24.46,,111.16,14.0,3.8,117,38
28,8,2502,5,0.0,3.0,3,AUS,Gelding,60,--,965.0,112,3,4,5,5,4.0,5.0,,1.0,2.25,3.25,2.75,3.0,,14.02,23.09,24.41,24.94,24.64,,111.1,10.0,2.6,47,155
28,9,891,8,0.0,3.75,3,NZ,Gelding,60,--,1104.0,109,9,8,8,9,9.0,8.0,,2.5,4.25,5.25,6.5,3.75,,14.26,23.17,24.41,25.22,24.17,,111.23,2.7,1.2,47,128
29,1,2397,9,0.0,2.5,3,NZ,Gelding,60,--,1081.0,125,3,6,7,9,,,,1.25,4.0,2.5,,,,13.37,22.36,23.03,,,,58.76,13.0,5.7,47,52
29,2,4351,5,0.0,1.25,3,AUS,Gelding,60,--,1156.0,132,5,4,4,5,,,,1.0,2.25,1.25,,,,13.33,22.12,23.11,,,,58.56,5.2,1.8,55,18
29,4,4181,4,0.0,0.75,3,NZ,Gelding,60,--,1235.0,131,10,10,9,4,,,,3.25,5.5,0.75,,,,13.69,22.28,22.5,,,,58.47,30.0,7.5,98,69
29,5,3738,7,0.0,2.0,3,AUS,Gelding,60,--,1081.0,130,2,8,8,7,,,,2.25,4.0,2.0,,,,13.53,22.2,22.94,,,,58.67,2.9,1.4,109,145
29,6,3246,2,0.0,0.2,3,IRE,Gelding,60,--,996.0,128,12,5,2,2,,,,1.0,1.0,0.2,,,,13.33,21.92,23.13,,,,58.38,13.0,3.5,54,34
29,7,1019,10,0.0,3.0,3,IRE,Gelding,60,--,1046.0,130,11,11,11,10,,,,4.5,6.75,3.0,,,,13.89,22.28,22.66,,,,58.83,52.0,13.0,132,64
29,8,1765,6,0.0,1.5,3,NZ,Gelding,60,--,1027.0,129,1,3,5,6,,,,0.75,2.75,1.5,,,,13.29,22.24,23.08,,,,58.61,10.0,2.5,38,2
29,9,1730,3,0.0,0.75,3,NZ,Gelding,60,--,1116.0,123,9,2,1,3,,,,0.5,1.0,0.75,,,,13.25,21.84,23.37,,,,58.46,9.4,2.9,75,131
29,10,2772,1,1.0,0.0,3,AUS,Gelding,60,--,1059.0,118,8,7,6,1,,,,2.0,3.5,0.2,,,,13.49,22.16,22.7,,,,58.35,9.6,2.9,109,162
29,11,550,11,0.0,4.5,3,USA,Gelding,60,--,1086.0,117,6,9,10,11,,,,3.0,6.0,4.5,,,,13.65,22.4,23.0,,,,59.05,37.0,8.5,128,151
29,12,2970,8,0.0,2.5,3,AUS,Gelding,60,--,1071.0,113,4,1,3,8,,,,0.5,1.5,2.5,,,,13.17,22.16,23.41,,,,58.74,7.1,1.9,137,128
30,1,2342,6,0.0,5.75,3,NZ,Gelding,60,--,1015.0,131,10,8,7,6,,,,3.75,4.25,5.75,,,,24.99,23.57,23.35,,,,71.91,17.0,5.5,138,138
30,2,3128,11,0.0,10.25,3,NZ,Gelding,60,--,1023.0,129,11,2,2,11,,,,0.25,0.75,10.25,,,,24.43,23.57,24.63,,,,72.63,25.0,7.2,54,34
30,3,2508,7,0.0,6.5,3,AUS,Gelding,60,--,1071.0,129,2,6,6,7,,,,3.0,3.5,6.5,,,,24.87,23.57,23.61,,,,72.05,6.5,1.9,63,115
30,4,2647,8,0.0,6.75,3,NZ,Gelding,60,--,1153.0,128,5,10,11,8,,,,4.75,6.75,6.75,,,,25.15,23.81,23.12,,,,72.08,12.0,3.9,75,18
30,5,95,4,0.0,4.75,3,AUS,Gelding,60,--,1070.0,126,8,11,9,4,,,,5.25,5.0,4.75,,,,25.23,23.45,23.08,,,,71.76,8.4,2.1,60,2
30,6,135,10,0.0,7.75,3,AUS,Gelding,60,--,1099.0,125,4,9,10,10,,,,4.25,5.25,7.75,,,,25.07,23.65,23.54,,,,72.26,17.0,3.9,55,64
30,7,233,3,0.0,4.5,3,GB,Gelding,60,--,1041.0,124,3,7,8,3,,,,3.75,4.75,4.5,,,,24.99,23.65,23.09,,,,71.73,5.5,2.5,109,145
30,8,2343,1,1.0,0.0,3,NZ,Gelding,60,--,1087.0,122,12,1,1,1,,,,0.25,0.75,4.0,,,,24.39,23.49,23.12,,,,71.0,23.0,7.9,97,154
30,9,4120,2,0.0,4.0,3,AUS,Gelding,60,--,1064.0,121,7,3,4,2,,,,1.0,2.25,4.0,,,,24.55,23.69,23.41,,,,71.65,3.7,1.6,132,183
30,10,2841,5,0.0,5.0,3,AUS,Gelding,60,--,1134.0,111,1,4,3,5,,,,1.25,1.75,5.0,,,,24.59,23.57,23.63,,,,71.79,4.9,1.6,47,149
30,12,3121,9,0.0,6.75,3,AUS,Gelding,60,--,1064.0,111,9,5,5,9,,,,2.0,2.75,6.75,,,,24.71,23.61,23.77,,,,72.09,93.0,23.0,128,151
31,1,2968,6,0.0,4.25,3,NZ,Gelding,60,--,1032.0,133,6,2,2,2,6.0,,,0.5,0.5,1.25,4.25,,,27.96,24.12,25.2,25.08,,,102.36,9.6,3.3,164,57
31,2,876,12,0.0,12.5,3,NZ,Gelding,60,--,1143.0,130,1,6,6,6,12.0,,,3.25,5.5,5.25,12.5,,,28.4,24.48,25.04,25.76,,,103.68,8.3,2.5,47,162
31,3,875,1,1.0,0.0,3,NZ,Gelding,60,--,1096.0,132,4,1,1,1,1.0,,,0.5,0.5,1.25,3.25,,,27.88,24.12,25.08,24.61,,,101.69,2.7,1.3,97,115
31,4,2414,3,0.0,4.25,3,GB,Gelding,60,--,1127.0,132,12,10,10,10,3.0,,,7.25,9.0,8.5,4.25,,,29.04,24.4,25.0,23.9,,,102.34,14.0,4.1,9,18
31,5,1443,4,0.0,4.25,3,NZ,Gelding,60,--,1127.0,132,2,9,8,8,4.0,,,5.75,7.5,7.0,4.25,,,28.8,24.4,25.0,24.14,,,102.34,4.4,1.5,47,2
31,6,2006,11,0.0,8.0,3,NZ,Gelding,60,--,1145.0,127,11,8,9,9,11.0,,,5.75,7.75,7.25,8.0,,,28.8,24.44,25.0,24.72,,,102.96,43.0,9.9,128,151
31,7,1168,5,0.0,4.25,3,NZ,Gelding,60,--,1086.0,129,9,5,5,5,5.0,,,2.75,4.75,4.25,4.25,,,28.32,24.44,25.0,24.59,,,102.35,26.0,7.9,132,154
31,8,1874,10,0.0,6.25,3,NZ,Gelding,60,--,1114.0,126,5,11,11,11,10.0,,,7.5,9.25,9.0,6.25,,,29.08,24.4,25.04,24.16,,,102.68,16.0,3.8,63,64
31,9,1393,9,0.0,6.25,3,IRE,Gelding,60,--,1090.0,119,10,12,12,12,9.0,,,9.25,10.75,10.5,6.25,,,29.36,24.36,25.04,23.9,,,102.66,33.0,9.8,54,59
31,10,1322,2,0.0,3.25,3,AUS,Gelding,60,--,1111.0,120,7,7,7,7,2.0,,,4.25,6.25,5.75,3.25,,,28.56,24.44,25.0,24.19,,,102.19,17.0,4.0,109,145
31,11,3242,7,0.0,5.0,3,AUS,Gelding,60,--,1130.0,113,3,3,3,3,7.0,,,1.5,1.5,2.25,5.0,,,28.12,24.12,25.2,25.05,,,102.49,29.0,7.8,63,131
31,12,79,8,0.0,5.75,3,GB,Gelding,60,--,987.0,111,8,4,4,4,8.0,,,1.75,1.75,2.5,5.75,,,28.16,24.12,25.2,25.14,,,102.62,12.0,3.4,98,34
32,1,3579,8,0.0,5.0,3,AUS,Gelding,60,--,1019.0,130,5,1,1,1,8.0,,,0.25,0.25,0.75,5.0,,,27.64,23.56,25.27,25.48,,,101.95,14.0,3.6,69,131
32,2,2416,3,0.0,0.75,3,AUS,Gelding,60,--,1160.0,133,7,9,9,7,3.0,,,4.5,6.25,4.75,0.75,,,28.36,23.84,25.03,24.06,,,101.29,5.1,1.9,29,18
32,3,588,10,0.0,6.75,3,AUS,Gelding,60,--,1120.0,131,12,2,2,2,10.0,,,0.25,0.25,0.75,6.75,,,27.68,23.56,25.35,25.64,,,102.23,15.0,5.4,47,69
32,4,3618,11,0.0,8.25,3,NZ,Gelding,60,--,1020.0,129,8,8,8,9,11.0,,,4.0,5.75,5.5,8.25,,,28.28,23.84,25.23,25.11,,,102.46,12.0,3.6,75,162
32,5,1164,6,0.0,3.5,3,AUS,Gelding,60,--,1128.0,131,10,6,6,5,6.0,,,2.75,4.5,3.5,3.5,,,28.08,23.84,25.11,24.69,,,101.72,4.0,1.7,98,2
32,6,906,7,0.0,4.25,3,AUS,Gelding,60,--,1131.0,130,6,3,3,3,7.0,,,0.5,2.25,1.75,4.25,,,27.72,23.84,25.19,25.11,,,101.86,41.0,11.0,4,64
32,7,4035,9,0.0,6.5,3,AUS,Gelding,60,--,1074.0,123,4,7,7,8,9.0,,,3.75,5.5,5.0,6.5,,,28.24,23.84,25.19,24.93,,,102.2,41.0,10.0,117,52
32,8,3393,4,0.0,2.5,3,GB,Horse,60,--,1013.0,129,3,10,11,11,4.0,,,6.0,7.25,6.0,2.5,,,28.6,23.76,25.07,24.15,,,101.58,8.1,1.9,109,145
32,9,2650,1,1.0,0.0,3,NZ,Gelding,60,--,1060.0,122,2,4,4,4,1.0,,,1.25,2.75,2.25,0.5,,,27.84,23.8,25.19,24.34,,,101.17,6.3,2.3,128,128
32,10,2975,2,0.0,0.5,3,NZ,Gelding,60,--,1121.0,126,9,11,10,10,2.0,,,7.25,7.0,6.0,0.5,,,28.8,23.52,25.11,23.82,,,101.25,11.0,5.3,97,138
32,11,3118,5,0.0,2.75,3,AUS,Gelding,60,--,1038.0,116,1,5,5,6,5.0,,,1.75,4.0,3.75,2.75,,,27.92,23.92,25.23,24.52,,,101.59,7.9,2.4,70,149
32,12,3458,12,0.0,9.25,3,USA,Gelding,60,--,1138.0,111,11,12,12,12,12.0,,,7.75,9.0,7.75,9.25,,,28.88,23.76,25.07,24.9,,,102.61,70.0,19.0,54,34
33,1,3452,3,0.0,1.75,3,NZ,Gelding,60,--,1082.0,133,10,1,1,1,1.0,3.0,,0.15,1.0,0.5,0.75,1.75,,13.91,22.83,24.62,25.52,24.19,,111.07,5.0,1.5,75,18
33,2,2976,6,0.0,3.25,3,IRE,Gelding,60,--,1049.0,132,3,9,10,9,9.0,6.0,,2.0,5.25,6.25,7.25,3.25,,14.23,23.35,24.78,25.68,23.27,,111.31,37.0,9.4,164,57
33,3,885,10,0.0,4.75,3,AUS,Gelding,60,--,1107.0,127,7,6,8,10,10.0,10.0,,1.0,4.5,6.75,7.25,4.75,,14.07,23.39,24.98,25.6,23.52,,111.56,31.0,8.0,137,128
33,4,3281,12,0.0,7.25,3,NZ,Gelding,60,--,1063.0,130,12,10,11,12,12.0,12.0,,2.0,6.0,8.75,9.25,7.25,,14.23,23.47,25.06,25.6,23.58,,111.94,9.5,2.5,69,183
33,5,4370,2,0.0,0.25,3,NZ,Brown,60,--,1054.0,129,9,2,3,2,2.0,2.0,,0.15,1.5,0.5,0.75,0.25,,13.91,23.07,24.46,25.56,23.84,,110.84,6.5,2.1,97,64
33,6,2308,5,0.0,2.75,3,IRE,Gelding,60,--,1038.0,123,4,12,12,11,11.0,5.0,,3.75,6.75,7.75,8.5,2.75,,14.51,23.31,24.78,25.64,23.0,,111.24,26.0,5.4,132,138
33,7,2483,4,0.0,2.5,3,AUS,Gelding,60,--,1035.0,120,1,11,6,7,7.0,4.0,,2.0,3.25,4.75,5.75,2.5,,14.23,23.03,24.86,25.68,23.39,,111.19,2.8,1.5,118,2
33,8,1337,9,0.0,4.0,3,IRE,Gelding,60,--,1032.0,114,6,7,9,8,8.0,9.0,,1.5,4.5,5.25,6.0,4.0,,14.15,23.31,24.74,25.64,23.58,,111.42,14.0,4.0,7,149
33,9,3284,11,0.0,5.5,3,AUS,Brown,60,--,1241.0,119,8,3,2,3,3.0,11.0,,0.25,1.0,1.75,2.5,5.5,,13.95,22.95,24.74,25.64,24.38,,111.66,45.0,12.0,137,69
33,10,554,1,1.0,0.0,3,AUS,Gelding,60,--,1068.0,117,5,4,7,6,6.0,1.0,,0.5,3.25,4.0,4.5,0.25,,13.99,23.27,24.74,25.6,23.19,,110.79,20.0,5.1,132,154
33,11,2792,8,0.0,3.75,3,NZ,Gelding,60,--,1133.0,115,2,5,4,5,5.0,8.0,,0.75,1.75,3.5,4.25,3.75,,14.03,22.99,24.9,25.64,23.84,,111.4,10.0,2.9,47,34
33,12,1364,7,0.0,3.5,3,IRE,Gelding,60,--,972.0,114,11,8,5,4,4.0,7.0,,1.5,2.5,2.75,3.5,3.5,,14.15,22.99,24.66,25.64,23.91,,111.35,16.0,5.6,128,151
34,1,1728,9,0.0,5.0,3,AUS,Gelding,60,--,1092.0,128,12,12,12,9,,,,7.25,6.75,5.0,,,,25.32,23.2,22.75,,,,71.27,23.0,5.6,29,128
34,2,2296,4,0.0,2.5,3,IRE,Gelding,60,--,1053.0,127,1,6,6,4,,,,2.75,3.5,2.5,,,,24.6,23.4,22.88,,,,70.88,39.0,8.9,75,162
34,3,324,3,0.0,1.25,3,AUS,Gelding,60,--,1199.0,128,9,1,1,3,,,,0.5,0.15,1.25,,,,24.16,23.28,23.21,,,,70.65,15.0,4.0,55,18
34,4,909,5,0.0,2.5,3,AUS,Gelding,60,--,1166.0,128,6,8,8,5,,,,3.25,4.25,2.5,,,,24.68,23.44,22.77,,,,70.89,20.0,7.1,38,154
34,5,4007,1,1.0,0.0,3,GB,Gelding,60,--,1086.0,127,4,5,5,1,,,,2.0,2.75,0.5,,,,24.48,23.4,22.6,,,,70.48,2.6,1.3,7,115
34,6,3418,11,0.0,6.25,3,AUS,Gelding,60,--,1213.0,123,5,4,3,11,,,,2.0,1.5,6.25,,,,24.48,23.2,23.81,,,,71.49,41.0,12.0,98,64
34,7,741,10,0.0,5.25,3,NZ,Gelding,60,--,1097.0,116,11,9,9,10,,,,4.75,5.0,5.25,,,,24.92,23.32,23.05,,,,71.29,60.0,12.0,109,52
34,8,3450,6,0.0,3.0,3,AUS,Gelding,60,--,986.0,122,7,7,7,6,,,,3.0,3.5,3.0,,,,24.64,23.36,22.95,,,,70.95,4.7,1.7,70,2
34,9,2011,2,0.0,0.5,3,NZ,Gelding,60,--,1101.0,119,8,2,2,2,,,,0.5,0.15,0.5,,,,24.24,23.2,23.12,,,,70.56,8.1,2.1,138,34
34,10,3840,8,0.0,4.5,3,AUS,Gelding,60,--,1129.0,119,3,10,10,8,,,,5.0,5.75,4.5,,,,24.96,23.4,22.84,,,,71.2,12.0,3.1,164,57
34,11,3133,7,0.0,4.25,3,NZ,Gelding,60,--,1081.0,114,2,3,4,7,,,,1.5,2.0,4.25,,,,24.4,23.36,23.39,,,,71.15,6.0,1.7,80,59
34,12,2014,12,0.0,9.0,3,AUS,Gelding,60,--,1040.0,115,10,11,11,12,,,,5.75,6.75,9.0,,,,25.08,23.44,23.38,,,,71.9,34.0,10.0,63,131
35,1,4041,7,0.0,2.5,3,IRE,Gelding,60,--,1024.0,127,1,6,6,5,7.0,,,3.0,3.25,2.5,2.5,,,27.91,23.96,24.84,24.18,,,100.89,6.5,1.8,38,154
35,2,80,4,0.0,1.0,3,AUS,Gelding,60,--,1090.0,126,12,8,8,7,4.0,,,4.25,4.5,3.75,1.0,,,28.11,23.96,24.84,23.76,,,100.67,57.0,13.0,98,138
35,3,2055,11,0.0,10.75,3,NZ,Gelding,60,--,1114.0,125,11,5,5,6,11.0,,,2.25,2.25,2.75,10.75,,,27.79,23.92,25.04,25.47,,,102.22,34.0,8.0,98,64
35,4,238,3,0.0,0.75,3,USA,Gelding,60,--,1168.0,120,4,7,7,8,3.0,,,3.0,4.0,4.0,0.75,,,27.91,24.08,24.96,23.68,,,100.63,16.0,5.8,7,59
35,5,26,5,0.0,1.25,3,NZ,Gelding,60,--,1086.0,116,8,3,3,3,5.0,,,1.0,1.0,0.75,1.25,,,27.59,23.92,24.92,24.24,,,100.67,17.0,4.3,47,52
35,6,344,12,0.0,13.5,3,FR,Gelding,60,--,1102.0,121,9,1,1,1,12.0,,,0.5,0.25,0.15,13.5,,,27.43,23.92,24.96,26.37,,,102.68,25.0,5.7,69,162
35,7,4063,6,0.0,1.75,3,AUS,Gelding,60,--,1162.0,123,5,2,2,2,6.0,,,0.5,0.25,0.15,1.75,,,27.51,23.88,24.92,24.47,,,100.78,2.4,1.2,97,115
35,8,792,10,0.0,7.5,3,IRE,Gelding,60,--,1088.0,122,6,9,9,10,10.0,,,5.0,4.75,5.25,7.5,,,28.23,23.88,25.04,24.56,,,101.71,15.0,3.4,164,57
35,9,1487,2,0.0,0.75,3,AUS,Gelding,60,--,1088.0,122,2,4,4,4,2.0,,,1.75,1.75,1.25,0.75,,,27.71,23.92,24.88,24.11,,,100.62,3.7,1.5,138,2
35,10,3868,1,1.0,0.0,3,NZ,Gelding,60,--,1031.0,122,10,10,11,12,1.0,,,6.75,6.25,6.75,0.75,,,28.51,23.84,25.04,23.12,,,100.51,20.0,4.0,132,183
35,11,3841,9,0.0,6.0,3,AUS,Gelding,60,--,1055.0,116,3,11,10,11,9.0,,,7.75,6.0,5.25,6.0,,,28.67,23.64,24.84,24.31,,,101.46,54.0,15.0,137,128
35,12,3396,8,0.0,3.25,3,NZ,Gelding,60,--,1216.0,116,7,12,12,9,8.0,,,9.25,7.25,5.25,3.25,,,28.91,23.6,24.64,23.88,,,101.03,19.0,4.0,55,34
36,1,1484,4,0.0,1.75,3,AUS,Gelding,60,--,1174.0,123,6,3,4,4,,,,2.25,2.25,1.75,,,,24.11,22.17,23.68,,,,69.96,14.0,4.9,38,40
36,2,3859,3,0.0,1.25,3,NZ,Gelding,60,--,1149.0,132,1,1,1,3,,,,0.5,0.75,1.25,,,,23.75,22.17,23.95,,,,69.87,3.3,1.4,137,69
36,3,2094,9,0.0,7.0,3,IRE,Brown,60,--,1178.0,131,9,10,10,9,,,,6.0,8.75,7.0,,,,24.71,22.61,23.45,,,,70.77,68.0,17.0,118,154
36,4,474,11,0.0,11.0,3,NZ,Gelding,60,--,1045.0,127,4,5,7,11,,,,3.75,6.75,11.0,,,,24.35,22.65,24.41,,,,71.41,10.0,3.0,47,162
36,5,1081,10,0.0,9.25,3,IRE,Gelding,60,--,1088.0,128,8,11,11,10,,,,6.5,9.75,9.25,,,,24.79,22.69,23.65,,,,71.13,32.0,8.8,164,57
36,6,2743,2,0.0,1.25,3,AUS,Gelding,60,--,1129.0,125,2,4,3,2,,,,2.25,2.0,1.25,,,,24.11,22.13,23.62,,,,69.86,6.9,2.4,109,145
36,7,1860,12,0.0,16.5,3,NZ,Gelding,60,--,1042.0,122,11,8,9,12,,,,5.5,8.0,16.5,,,,24.63,22.57,25.09,,,,72.29,73.0,16.0,47,38
36,8,1369,7,0.0,4.0,3,NZ,Gelding,60,--,1113.0,124,10,12,12,7,,,,7.0,10.5,4.0,,,,24.87,22.73,22.69,,,,70.29,3.8,1.5,69,183
36,9,4345,8,0.0,4.75,3,AUS,Gelding,60,--,1140.0,123,7,7,8,8,,,,4.75,7.75,4.75,,,,24.51,22.65,23.29,,,,70.45,8.8,2.7,70,2
36,10,252,1,1.0,0.0,3,AUS,Gelding,60,--,1137.0,120,5,2,2,1,,,,0.5,0.75,1.25,,,,23.83,22.21,23.63,,,,69.67,6.7,1.7,97,18
36,11,395,6,0.0,3.5,3,NZ,Gelding,60,--,1126.0,109,3,6,5,6,,,,4.25,4.5,3.5,,,,24.43,22.21,23.57,,,,70.21,53.0,8.4,47,63
36,12,1690,5,0.0,2.25,3,NZ,Gelding,60,--,1105.0,115,12,9,6,5,,,,5.75,6.5,2.25,,,,24.67,22.29,23.07,,,,70.03,99.0,22.0,55,34
37,1,4022,10,0.0,7.75,3,AUS,Brown,60,--,1043.0,133,9,3,2,4,10.0,,,1.5,0.25,1.75,7.75,,,24.74,22.85,24.35,25.49,,,97.43,16.0,5.3,109,145
37,2,4391,9,0.0,6.0,3,NZ,Gelding,60,--,1190.0,133,3,6,6,7,9.0,,,4.0,2.5,3.25,6.0,,,25.14,22.81,24.23,24.95,,,97.13,14.0,4.2,117,64
37,3,3244,7,0.0,1.75,3,AUS,Gelding,60,--,1014.0,132,11,8,8,8,7.0,,,5.75,4.5,4.0,1.75,,,25.42,22.85,24.03,24.18,,,96.48,10.0,3.1,132,2
37,4,3282,6,0.0,1.25,3,NZ,Gelding,60,--,1061.0,129,10,1,1,1,6.0,,,1.0,0.25,1.0,1.25,,,24.5,23.05,24.11,24.73,,,96.39,26.0,9.6,38,162
37,5,2727,2,0.0,0.15,3,AUS,Gelding,60,--,1089.0,130,1,7,7,5,2.0,,,4.5,3.25,2.5,0.15,,,25.22,22.85,23.99,24.14,,,96.2,3.4,1.5,75,18
37,6,3485,12,0.0,18.5,3,AUS,Gelding,60,--,1098.0,130,8,12,12,12,12.0,,,9.75,9.25,8.75,18.5,,,26.06,22.97,24.03,26.08,,,99.14,19.0,7.1,47,183
37,7,3789,4,0.0,0.25,3,NZ,Gelding,60,--,1091.0,124,6,5,4,3,4.0,,,3.5,1.5,1.5,0.25,,,25.06,22.73,24.11,24.33,,,96.23,6.3,1.7,137,128
37,8,2103,11,0.0,9.25,3,NZ,Gelding,60,--,1183.0,126,4,9,9,9,11.0,,,7.0,4.75,4.25,9.25,,,25.62,22.69,24.03,25.32,,,97.66,29.0,9.7,38,138
37,9,727,3,0.0,0.2,3,USA,Gelding,60,--,1073.0,120,5,4,5,6,3.0,,,2.25,1.75,2.75,0.2,,,24.86,22.97,24.27,24.11,,,96.21,8.5,2.4,128,151
37,10,3744,5,0.0,0.25,3,NZ,Gelding,60,--,1099.0,116,7,2,3,2,5.0,,,1.0,1.25,1.0,0.25,,,24.66,23.09,24.07,24.43,,,96.25,12.0,4.8,80,59
37,11,2481,8,0.0,3.25,3,AUS,Gelding,60,--,1011.0,119,2,10,11,11,8.0,,,7.0,6.25,5.0,3.25,,,25.62,22.93,23.91,24.22,,,96.68,9.3,2.8,132,154
37,12,178,1,1.0,0.0,3,NZ,Gelding,60,--,955.0,113,12,11,10,10,1.0,,,7.25,5.75,4.75,0.15,,,25.66,22.81,23.95,23.76,,,96.18,8.7,3.0,109,34
38,1,1068,7,0.0,3.25,3,USA,Gelding,60,--,1074.0,128,11,10,12,7,,,,6.25,5.0,3.25,,,,24.7,22.68,23.12,,,,70.5,15.0,4.6,137,128
38,2,3733,6,0.0,3.25,3,AUS,Gelding,60,--,1196.0,131,8,2,2,6,,,,0.15,0.75,3.25,,,,23.7,23.0,23.77,,,,70.47,24.0,6.2,80,154
38,3,3136,1,1.0,0.0,3,AUS,Gelding,60,--,1028.0,124,7,3,4,1,,,,1.5,1.5,0.5,,,,23.94,22.88,23.15,,,,69.97,5.3,1.8,47,162
38,4,3918,10,0.0,6.25,3,NZ,Gelding,60,--,1226.0,120,10,5,6,10,,,,2.75,2.75,6.25,,,,24.14,22.88,23.95,,,,70.97,99.0,45.0,117,149
38,5,1417,5,0.0,1.75,3,AUS,Gelding,60,--,1199.0,125,3,4,3,5,,,,2.75,1.25,1.75,,,,24.14,22.64,23.47,,,,70.25,4.9,1.9,109,145
38,6,798,11,0.0,6.25,3,NZ,Gelding,60,--,1245.0,125,12,8,9,11,,,,4.5,4.25,6.25,,,,24.42,22.84,23.71,,,,70.97,25.0,8.5,38,64
38,7,1688,2,0.0,0.5,3,NZ,Gelding,60,--,1021.0,123,5,11,8,2,,,,6.5,4.25,0.5,,,,24.74,22.52,22.8,,,,70.06,5.0,2.2,164,57
38,8,2341,3,0.0,1.5,3,NZ,Gelding,60,--,996.0,122,1,6,7,3,,,,3.75,2.75,1.5,,,,24.3,22.72,23.17,,,,70.19,6.6,2.2,97,115
38,9,4062,9,0.0,5.5,3,AUS,Gelding,60,--,1210.0,121,6,1,1,9,,,,0.15,0.75,5.5,,,,23.7,22.88,24.26,,,,70.84,7.9,2.6,47,2
38,10,3459,8,0.0,4.5,3,AUS,Gelding,60,--,1113.0,120,4,12,11,8,,,,8.0,4.75,4.5,,,,24.98,22.36,23.36,,,,70.7,7.1,1.9,75,18
38,11,4246,12,0.0,6.25,3,IRE,Gelding,60,--,1089.0,109,2,9,10,12,,,,5.25,4.5,6.25,,,,24.54,22.76,23.68,,,,70.98,86.0,19.0,63,63
38,12,2327,4,0.0,1.5,3,AUS,Gelding,60,--,1137.0,112,9,7,5,4,,,,4.25,2.5,1.5,,,,24.38,22.6,23.25,,,,70.23,23.0,5.1,138,38
39,1,1687,7,0.0,3.0,3,AUS,Gelding,60,--,1123.0,130,13,11,12,13,7.0,,,4.0,7.75,5.75,3.0,,,14.45,22.32,23.35,23.59,,,83.71,7.2,2.5,63,131
39,2,882,6,0.0,2.25,3,AUS,Gelding,60,--,1238.0,121,9,6,8,8,6.0,,,2.0,5.0,4.5,2.25,,,14.13,22.2,23.59,23.64,,,83.56,18.0,4.7,9,63
39,3,416,14,0.0,14.0,3,AUS,Gelding,60,--,1234.0,126,1,1,1,2,14.0,,,0.25,0.25,0.15,14.0,,,13.81,21.72,23.67,26.24,,,85.44,10.0,3.0,117,149
39,4,3916,1,1.0,0.0,3,AUS,Gelding,60,--,1099.0,131,10,12,11,10,1.0,,,4.25,6.5,4.75,0.25,,,14.49,22.08,23.39,23.25,,,83.21,9.3,2.9,132,138
39,5,3442,11,0.0,4.0,3,AUS,Rig,60,--,1046.0,127,2,2,2,1,11.0,,,0.25,0.25,0.15,4.0,,,13.85,21.72,23.63,24.65,,,83.85,16.0,4.8,54,34
39,6,3919,10,0.0,3.75,3,AUS,Gelding,60,--,1058.0,129,5,13,13,14,10.0,,,5.0,8.25,6.25,3.75,,,14.61,22.24,23.35,23.6,,,83.8,23.0,6.9,109,145
39,7,3488,13,0.0,7.5,3,AUS,Gelding,60,--,1054.0,128,8,7,6,6,13.0,,,2.75,4.0,3.0,7.5,,,14.25,21.92,23.51,24.75,,,84.43,6.8,3.0,75,18
39,8,3164,12,0.0,5.25,3,SAF,Gelding,60,--,1023.0,121,7,8,9,9,12.0,,,2.75,5.25,4.5,5.25,,,14.25,22.12,23.55,24.1,,,84.02,12.0,3.7,55,59
39,9,4038,2,0.0,0.25,3,USA,Gelding,60,--,1244.0,126,6,10,7,7,2.0,,,3.75,5.0,3.75,0.25,,,14.41,21.92,23.47,23.46,,,83.26,43.0,12.0,60,64
39,10,962,9,0.0,3.25,3,FR,Gelding,60,--,1127.0,118,11,14,14,12,9.0,,,6.0,9.0,5.75,3.25,,,14.77,22.2,23.15,23.63,,,83.75,34.0,10.0,109,52
39,11,2330,4,0.0,1.5,3,NZ,Gelding,60,--,1136.0,121,3,5,5,5,4.0,,,2.0,3.25,2.0,1.5,,,14.13,21.92,23.47,23.92,,,83.44,3.9,1.5,138,2
39,12,4244,5,0.0,2.0,3,AUS,Gelding,60,--,1091.0,103,4,4,4,4,5.0,,,1.0,2.75,1.75,2.0,,,13.97,22.0,23.51,24.05,,,83.53,12.0,3.8,38,40
39,13,248,8,0.0,3.25,3,AUS,Gelding,60,--,1148.0,111,12,9,10,11,8.0,,,2.75,6.25,5.25,3.25,,,14.25,22.28,23.51,23.71,,,83.75,29.0,9.1,128,151
39,14,2813,3,0.0,0.5,3,AUS,Brown,60,--,1110.0,108,14,3,3,3,3.0,,,0.5,1.5,1.0,0.5,,,13.89,21.88,23.59,23.95,,,83.31,14.0,5.0,137,128
40,1,2618,10,0.0,9.75,3,NZ,Gelding,60,--,1175.0,127,10,11,12,11,10.0,,,3.5,6.75,4.75,9.75,,,14.28,22.63,23.02,24.16,,,84.09,23.0,6.3,97,128
40,2,1899,1,1.0,0.0,3,NZ,Rig,60,--,1088.0,130,3,5,7,7,1.0,,,2.0,2.75,2.0,1.25,,,14.04,22.23,23.22,23.05,,,82.54,6.1,2.1,38,115
40,3,3189,9,0.0,7.75,3,USA,Gelding,60,--,1047.0,129,2,4,5,3,9.0,,,1.75,1.75,1.0,7.75,,,14.0,22.11,23.22,24.46,,,83.79,20.0,5.2,47,69
40,4,893,7,0.0,4.5,3,AUS,Gelding,60,--,1132.0,128,6,3,4,2,7.0,,,1.0,1.5,0.75,4.5,,,13.88,22.19,23.22,23.95,,,83.24,33.0,7.8,38,154
40,5,4027,3,0.0,1.5,3,NZ,Gelding,60,--,1056.0,128,1,9,8,6,3.0,,,3.0,3.0,2.0,1.5,,,14.2,22.11,23.18,23.27,,,82.76,3.1,1.5,138,18
40,6,2162,5,0.0,3.25,3,AUS,Gelding,60,--,1146.0,122,4,6,6,9,5.0,,,2.0,2.25,2.5,3.25,,,14.04,22.15,23.38,23.5,,,83.07,7.4,1.9,7,149
40,7,4048,8,0.0,6.25,3,USA,Brown,60,--,1092.0,127,9,7,3,4,8.0,,,2.25,0.5,1.5,6.25,,,14.08,21.83,23.5,24.1,,,83.51,6.1,2.2,132,138
40,8,3649,11,0.0,14.25,3,NZ,Gelding,60,--,1252.0,125,5,2,2,5,11.0,,,0.5,0.15,1.75,14.25,,,13.8,22.03,23.62,25.36,,,84.81,24.0,8.0,137,183
40,9,2069,4,0.0,1.5,3,AUS,Gelding,60,--,1008.0,124,11,12,10,10,4.0,,,4.25,4.5,3.25,1.5,,,14.4,22.15,23.14,23.1,,,82.79,7.9,2.3,98,64
40,10,1080,2,0.0,1.25,3,NZ,Gelding,60,--,1058.0,124,7,8,9,8,2.0,,,2.75,3.75,2.5,1.25,,,14.16,22.27,23.14,23.15,,,82.72,9.8,2.8,54,2
40,11,3993,12,0.0,19.25,3,NZ,Gelding,60,--,1114.0,121,8,10,11,12,12.0,,,3.25,6.5,6.75,19.25,,,14.24,22.63,23.38,25.39,,,85.64,58.0,14.0,69,162
40,12,473,13,0.0,28.25,3,NZ,Gelding,60,--,1095.0,118,13,13,13,13,13.0,,,6.0,10.0,9.0,28.25,,,14.68,22.75,23.18,26.45,,,87.06,99.0,44.0,75,131
40,13,1689,6,0.0,4.0,3,AUS,Gelding,60,--,1038.0,111,12,1,1,1,6.0,,,0.5,0.15,0.75,4.0,,,13.72,22.11,23.34,24.01,,,83.18,69.0,20.0,47,52
41,1,4349,4,0.0,1.25,3,NZ,Gelding,60,--,950.0,133,4,5,6,5,4.0,,,4.75,5.5,3.25,1.25,,,25.28,23.04,23.69,23.49,,,95.5,14.0,3.7,69,2
41,2,4347,1,1.0,0.0,3,NZ,Gelding,60,--,1051.0,130,9,6,4,2,1.0,,,5.5,4.75,0.15,0.5,,,25.4,22.8,23.29,23.79,,,95.28,5.4,1.8,47,162
41,3,2966,8,0.0,3.25,3,NZ,Gelding,60,--,1099.0,126,2,10,10,8,8.0,,,8.25,7.75,4.75,3.25,,,25.84,22.84,23.57,23.57,,,95.82,3.8,1.4,7,115
41,4,2800,5,0.0,2.0,3,NZ,Gelding,60,--,1065.0,125,10,2,2,4,5.0,,,2.0,3.5,3.0,2.0,,,24.84,23.16,23.97,23.63,,,95.6,13.0,4.2,137,183
41,5,1069,10,0.0,4.5,3,IRE,Gelding,60,--,1108.0,125,5,9,7,7,10.0,,,7.25,6.5,4.25,4.5,,,25.68,22.8,23.69,23.84,,,96.01,21.0,5.9,97,138
41,6,2199,6,0.0,2.25,3,NZ,Gelding,60,--,1071.0,122,14,13,13,11,6.0,,,11.75,10.25,6.0,2.25,,,26.4,22.68,23.37,23.21,,,95.66,23.0,6.0,75,131
41,7,3301,7,0.0,3.0,3,AUS,Gelding,60,--,1026.0,125,8,4,5,6,7.0,,,3.5,5.0,4.25,3.0,,,25.08,23.16,23.93,23.58,,,95.75,2.9,1.2,164,57
41,8,3499,2,0.0,0.5,3,AUS,Gelding,60,--,1078.0,123,1,7,8,9,2.0,,,6.25,6.5,5.5,0.5,,,25.52,22.96,23.89,23.0,,,95.37,23.0,5.9,98,64
41,9,134,3,0.0,0.75,3,AUS,Gelding,60,--,1096.0,115,11,11,11,10,3.0,,,8.75,7.75,5.75,0.75,,,25.92,22.76,23.73,23.02,,,95.43,99.0,27.0,55,149
41,10,2797,13,0.0,10.0,3,IRE,Gelding,60,--,1119.0,109,12,8,9,12,13.0,,,7.0,7.25,6.25,10.0,,,25.64,22.96,23.89,24.39,,,96.88,99.0,31.0,38,40
41,11,1769,9,0.0,3.5,3,NZ,Gelding,60,--,1098.0,117,13,3,3,3,9.0,,,3.5,4.5,1.75,3.5,,,25.08,23.08,23.61,24.06,,,95.83,11.0,3.1,80,154
41,12,1032,11,0.0,5.25,3,IRE,Gelding,60,--,981.0,106,6,1,1,1,11.0,,,2.0,3.5,0.15,5.25,,,24.52,22.92,24.05,24.62,,,96.11,77.0,21.0,47,63
41,13,1875,12,0.0,8.75,3,AUS,Gelding,60,--,1156.0,112,3,12,12,13,12.0,,,10.25,10.0,8.0,8.75,,,26.16,22.88,23.73,23.92,,,96.69,99.0,30.0,138,34
42,1,2002,10,0.0,7.75,3,AUS,Gelding,60,--,1141.0,131,9,12,13,10,,,,7.5,6.5,7.75,,,,24.79,22.34,23.13,,,,70.26,49.0,12.0,38,162
42,2,1488,2,0.0,0.15,3,NZ,Gelding,60,--,1102.0,130,5,8,7,2,,,,5.0,3.25,0.15,,,,24.39,22.22,22.42,,,,69.03,4.8,1.6,69,2
42,3,92,1,1.0,0.0,3,NZ,Gelding,60,--,1180.0,129,12,3,3,1,,,,1.5,0.75,0.15,,,,23.83,22.38,22.8,,,,69.01,12.0,3.2,29,18
42,4,591,3,0.0,0.25,3,AUS,Brown,60,--,1110.0,125,6,5,5,3,,,,3.25,2.0,0.25,,,,24.11,22.3,22.67,,,,69.08,2.5,1.2,7,115
42,5,535,4,0.0,0.75,3,AUS,Gelding,60,--,1043.0,124,13,13,11,4,,,,7.75,5.75,0.75,,,,24.83,22.18,22.14,,,,69.15,14.0,3.1,97,138
42,6,1113,8,0.0,5.5,3,AUS,Gelding,60,--,1096.0,118,8,11,12,8,,,,6.75,6.25,5.5,,,,24.67,22.42,22.82,,,,69.91,7.2,2.4,137,128
42,7,388,5,0.0,2.5,3,NZ,Gelding,60,--,1118.0,110,1,10,9,5,,,,6.5,4.75,2.5,,,,24.63,22.22,22.56,,,,69.41,13.0,3.4,60,63
42,8,2434,13,0.0,26.25,3,AUS,Gelding,60,--,1130.0,117,4,2,2,13,,,,0.25,0.25,26.25,,,,23.63,22.5,27.08,,,,73.21,99.0,31.0,75,131
42,9,910,11,0.0,8.0,3,AUS,Gelding,60,--,1147.0,110,2,6,6,11,,,,4.0,2.0,8.0,,,,24.23,22.18,23.9,,,,70.31,99.0,22.0,38,40
42,10,231,6,0.0,4.25,3,AUS,Gelding,60,--,1103.0,118,10,7,8,6,,,,4.5,3.25,4.25,,,,24.31,22.3,23.09,,,,69.7,6.3,2.2,118,69
42,11,4101,9,0.0,6.5,3,NZ,Gelding,60,--,1075.0,118,3,4,4,9,,,,2.5,1.0,6.5,,,,23.99,22.26,23.79,,,,70.04,27.0,5.5,98,64
42,12,4058,12,0.0,16.5,3,NZ,Gelding,60,--,1077.0,115,11,1,1,12,,,,0.25,0.25,16.5,,,,23.59,22.5,25.58,,,,71.67,99.0,36.0,47,34
42,13,4111,7,0.0,5.0,3,AUS,Gelding,60,--,1113.0,116,7,9,10,7,,,,6.0,4.75,5.0,,,,24.55,22.3,22.95,,,,69.8,75.0,12.0,98,154
43,1,1444,3,0.0,0.15,3,NZ,Gelding,60,--,1200.0,131,14,1,1,3,,,,0.15,0.25,0.15,,,,23.77,22.25,23.58,,,,69.6,64.0,13.0,38,162
43,2,3747,13,0.0,9.0,3,NZ,Gelding,60,--,1224.0,126,4,14,14,13,,,,10.5,10.0,9.0,,,,25.45,22.17,23.41,,,,71.03,44.0,7.6,80,59
43,3,1098,7,0.0,1.25,3,AUS,Gelding,60,--,1116.0,130,12,2,2,7,,,,0.15,0.25,1.25,,,,23.77,22.29,23.74,,,,69.8,20.0,4.0,47,64
43,4,3668,5,0.0,0.5,3,AUS,Gelding,60,--,1197.0,127,8,8,8,5,,,,5.0,4.75,0.5,,,,24.57,22.21,22.91,,,,69.69,5.6,1.5,7,115
43,5,3422,2,0.0,0.15,3,AUS,Gelding,60,--,1044.0,126,10,6,6,2,,,,3.75,3.5,0.15,,,,24.37,22.21,23.01,,,,69.59,12.0,2.4,98,57
43,6,3716,11,0.0,3.5,3,NZ,Gelding,60,--,1110.0,123,2,7,5,11,,,,4.0,3.5,3.5,,,,24.41,22.17,23.58,,,,70.16,11.0,2.1,97,69
43,7,1827,1,1.0,0.0,3,AUS,Gelding,60,--,1164.0,123,1,3,3,1,,,,1.75,1.75,0.15,,,,24.05,22.25,23.29,,,,69.59,51.0,9.7,137,183
43,8,3707,10,0.0,3.25,3,NZ,Gelding,60,--,1064.0,121,7,12,12,10,,,,7.75,7.0,3.25,,,,25.01,22.13,22.98,,,,70.12,24.0,5.8,75,18
43,9,2642,8,0.0,2.0,3,GB,Gelding,60,--,1088.0,120,6,9,7,8,,,,5.5,4.0,2.0,,,,24.65,22.01,23.25,,,,69.91,57.0,9.9,9,138
43,10,2010,6,0.0,1.0,3,AUS,Gelding,60,--,1085.0,119,11,10,11,6,,,,5.75,5.5,1.0,,,,24.69,22.21,22.84,,,,69.74,25.0,4.6,118,154
43,11,2482,9,0.0,2.25,3,NZ,Gelding,60,--,1130.0,119,3,4,4,9,,,,2.25,2.5,2.25,,,,24.13,22.29,23.51,,,,69.93,1.6,1.1,118,2
43,12,2326,14,0.0,16.0,3,USA,Gelding,60,--,1060.0,117,5,5,10,14,,,,2.25,5.25,16.0,,,,24.13,22.73,25.29,,,,72.15,99.0,37.0,128,151
43,13,2323,4,0.0,0.15,3,AUS,Brown,60,--,1125.0,112,9,11,9,4,,,,6.75,5.0,0.15,,,,24.85,21.97,22.79,,,,69.61,99.0,16.0,97,149
43,14,2660,12,0.0,4.0,3,NZ,Gelding,60,--,1069.0,114,13,13,13,12,,,,7.75,7.25,4.0,,,,25.01,22.17,23.04,,,,70.22,70.0,9.5,138,34
44,1,3306,4,0.0,1.5,3,USA,Gelding,60,--,1143.0,133,6,4,4,4,,,,4.5,5.5,1.5,,,,24.84,22.57,22.54,,,,69.95,19.0,7.0,118,69
44,2,1413,3,0.0,1.5,3,AUS,Gelding,60,--,1087.0,128,2,5,5,3,,,,5.75,6.0,1.5,,,,25.04,22.45,22.45,,,,69.94,7.8,2.6,75,18
44,3,1661,11,0.0,7.25,3,NZ,Gelding,60,--,1032.0,123,13,14,14,11,,,,10.75,13.25,7.25,,,,25.84,22.81,22.24,,,,70.89,22.0,5.0,97,149
44,4,4176,6,0.0,3.25,3,NZ,Gelding,60,--,1074.0,127,7,2,2,6,,,,2.25,2.75,3.25,,,,24.48,22.49,23.24,,,,70.21,58.0,16.0,38,115
44,5,805,13,0.0,7.75,3,IRE,Gelding,60,--,1078.0,126,9,13,11,13,,,,10.25,11.25,7.75,,,,25.76,22.57,22.64,,,,70.97,37.0,11.0,9,183
44,6,1171,9,0.0,4.25,3,AUS,Gelding,60,--,1046.0,124,3,8,7,9,,,,7.5,7.75,4.25,,,,25.32,22.45,22.6,,,,70.37,6.6,1.7,69,162
44,7,3283,10,0.0,4.75,3,AUS,Brown,60,--,1063.0,122,11,6,6,10,,,,6.5,7.25,4.75,,,,25.16,22.53,22.79,,,,70.48,31.0,6.1,132,151
44,8,2798,12,0.0,7.5,3,IRE,Gelding,60,--,1064.0,119,5,12,12,12,,,,9.5,12.25,7.5,,,,25.64,22.85,22.42,,,,70.91,99.0,35.0,80,59
44,9,586,7,0.0,3.75,3,AUS,Gelding,60,--,1153.0,118,4,10,10,7,,,,8.25,9.5,3.75,,,,25.44,22.61,22.26,,,,70.31,13.0,4.1,137,128
44,10,908,8,0.0,4.0,3,AUS,Gelding,60,--,1149.0,120,8,7,8,8,,,,7.0,8.0,4.0,,,,25.24,22.57,22.53,,,,70.34,99.0,27.0,54,34
44,11,3304,1,1.0,0.0,3,AUS,Gelding,60,--,1136.0,120,1,3,3,1,,,,3.75,4.5,1.25,,,,24.72,22.53,22.47,,,,69.72,5.6,1.8,38,64
44,12,1927,14,0.0,8.25,3,AUS,Gelding,60,--,1220.0,120,14,11,13,14,,,,9.5,12.25,8.25,,,,25.64,22.85,22.55,,,,71.04,99.0,27.0,109,145
44,13,585,2,0.0,1.25,3,AUS,Horse,60,--,1183.0,118,12,1,1,2,,,,2.25,2.75,1.25,,,,24.12,22.41,23.37,,,,69.9,2.5,1.2,47,138
44,14,3615,5,0.0,2.0,3,NZ,Gelding,60,--,1161.0,117,10,9,9,5,,,,7.5,8.5,2.0,,,,25.32,22.57,22.13,,,,70.02,10.0,3.0,118,2
45,1,3308,14,0.0,11.25,3,NZ,Gelding,60,--,1160.0,133,12,11,6,9,14.0,,,9.25,4.5,5.0,11.25,,,25.62,22.55,24.28,24.49,,,96.94,7.4,2.2,97,18
45,2,543,6,0.0,4.75,3,NZ,Gelding,60,--,1058.0,133,7,5,5,5,6.0,,,4.5,3.25,1.75,4.75,,,24.86,23.11,23.96,23.97,,,95.9,5.1,2.1,118,69
45,3,4015,7,0.0,5.0,3,AUS,Gelding,60,--,1219.0,132,10,12,12,13,7.0,,,11.5,7.75,6.25,5.0,,,25.98,22.71,23.96,23.26,,,95.91,63.0,19.0,47,138
45,4,4110,10,0.0,9.25,3,NZ,Gelding,60,--,1034.0,126,9,14,13,11,10.0,,,12.75,8.0,5.25,9.25,,,26.18,22.55,23.76,24.11,,,96.6,49.0,9.7,97,149
45,5,3767,11,0.0,9.75,3,IRE,Gelding,60,--,1109.0,126,1,10,11,10,11.0,,,8.75,6.0,5.0,9.75,,,25.54,22.87,24.04,24.24,,,96.69,50.0,9.6,75,151
45,6,3102,5,0.0,4.25,3,NZ,Gelding,60,--,1065.0,127,4,7,8,7,5.0,,,7.25,4.75,3.5,4.25,,,25.3,22.91,24.0,23.56,,,95.77,3.4,1.5,164,57
45,7,4245,9,0.0,6.25,3,AUS,Gelding,60,--,1187.0,116,13,3,3,4,9.0,,,3.0,1.75,1.75,6.25,,,24.62,23.11,24.2,24.16,,,96.09,52.0,10.0,38,40
45,8,3441,3,0.0,2.5,3,AUS,Gelding,60,--,1159.0,124,2,4,4,3,3.0,,,4.0,2.5,1.75,2.5,,,24.78,23.07,24.08,23.58,,,95.51,26.0,5.4,38,64
45,9,2075,4,0.0,3.5,3,NZ,Gelding,60,--,1044.0,121,11,6,7,6,4.0,,,6.0,4.5,3.25,3.5,,,25.1,23.07,24.0,23.5,,,95.67,4.4,1.4,98,2
45,10,2511,12,0.0,10.25,3,NZ,Gelding,60,--,1117.0,114,5,13,14,14,12.0,,,11.75,8.0,6.75,10.25,,,26.02,22.71,24.0,24.03,,,96.76,99.0,24.0,117,131
45,11,2389,8,0.0,5.75,3,AUS,Gelding,60,--,1051.0,117,6,9,10,8,8.0,,,8.75,5.75,4.25,5.75,,,25.54,22.83,23.96,23.73,,,96.06,49.0,11.0,132,154
45,12,2338,13,0.0,10.5,3,USA,Gelding,60,--,1060.0,115,8,8,9,12,13.0,,,7.75,5.75,6.0,10.5,,,25.38,22.99,24.24,24.19,,,96.8,24.0,5.8,47,162
45,13,538,1,1.0,0.0,3,NZ,Gelding,60,--,1123.0,112,3,2,2,2,1.0,,,1.5,1.0,0.5,1.25,,,24.38,23.23,24.12,23.4,,,95.13,6.8,2.2,137,128
45,14,484,2,0.0,1.25,3,AUS,Gelding,60,--,1140.0,109,14,1,1,1,2.0,,,1.5,1.0,0.5,1.25,,,24.14,23.31,24.2,23.65,,,95.3,28.0,9.9,47,52
46,1,103,2,0.0,0.5,3,NZ,Gelding,60,--,1122.0,123,2,7,8,8,8.0,2.0,,2.75,4.25,5.5,3.75,0.5,,14.47,22.88,24.2,24.27,23.05,,108.87,8.5,2.4,60,63
46,2,2479,11,0.0,10.75,3,NZ,Brown,60,--,1085.0,133,9,6,2,2,2.0,11.0,,2.5,1.25,0.5,0.25,10.75,,14.43,22.44,23.88,24.51,25.24,,110.5,5.6,1.7,98,64
46,3,2962,4,0.0,2.75,3,NZ,Gelding,60,--,1058.0,131,3,3,4,4,4.0,4.0,,1.25,1.5,2.0,1.25,2.75,,14.23,22.68,24.08,24.43,23.81,,109.23,9.7,3.0,4,69
46,4,887,7,0.0,5.75,3,IRE,Gelding,60,--,1044.0,131,8,8,9,10,10.0,7.0,,2.75,5.5,7.0,4.5,5.75,,14.47,23.08,24.24,24.15,23.77,,109.71,8.6,2.3,47,183
46,5,470,10,0.0,10.25,3,AUS,Gelding,60,--,1013.0,126,5,1,1,1,1.0,10.0,,0.15,1.25,0.5,0.25,10.25,,14.03,22.64,24.0,24.55,25.2,,110.42,13.0,3.6,54,34
46,6,1785,6,0.0,4.0,3,AUS,Gelding,60,--,1061.0,125,4,2,3,3,3.0,6.0,,0.15,1.5,1.5,1.25,4.0,,14.03,22.88,24.0,24.51,24.0,,109.42,10.0,2.6,75,131
46,7,4055,5,0.0,2.75,3,NZ,Gelding,60,--,1050.0,119,6,10,7,7,6.0,5.0,,3.75,4.25,4.75,2.5,2.75,,14.63,22.72,24.08,24.19,23.61,,109.23,2.4,1.2,63,2
46,8,3292,8,0.0,6.0,3,NZ,Gelding,60,--,1044.0,120,10,11,11,11,11.0,8.0,,5.5,6.75,7.75,5.75,6.0,,14.91,22.84,24.16,24.23,23.6,,109.74,67.0,15.0,117,145
46,9,2171,3,0.0,0.75,3,NZ,Gelding,60,--,1132.0,116,1,5,6,5,5.0,3.0,,2.5,3.0,3.5,2.0,0.75,,14.43,22.72,24.08,24.31,23.37,,108.91,32.0,7.2,128,151
46,10,1193,9,0.0,7.0,3,IRE,Gelding,60,--,1167.0,108,11,9,10,9,9.0,9.0,,3.5,5.75,6.0,3.75,7.0,,14.59,23.0,24.04,24.19,24.07,,109.89,73.0,18.0,4,40
46,11,539,1,1.0,0.0,3,NZ,Gelding,60,--,1126.0,116,7,4,5,6,7.0,1.0,,1.5,3.0,4.25,3.0,0.5,,14.27,22.88,24.2,24.35,23.07,,108.77,18.0,5.3,38,154
47,1,3701,3,0.0,0.75,3,NZ,Gelding,60,--,1055.0,133,8,4,2,2,3.0,,,3.0,1.0,1.5,0.75,,,25.45,22.93,23.49,23.56,,,95.43,6.0,1.6,118,2
47,2,803,9,0.0,7.5,3,GB,Gelding,60,--,1004.0,129,3,2,4,4,9.0,,,2.0,2.25,3.25,7.5,,,25.29,23.29,23.57,24.34,,,96.49,34.0,10.0,164,57
47,3,243,5,0.0,3.25,3,NZ,Brown,60,--,1023.0,121,6,5,6,6,5.0,,,3.5,3.5,4.0,3.25,,,25.53,23.25,23.49,23.55,,,95.82,12.0,3.6,54,34
47,4,516,10,0.0,8.25,3,NZ,Gelding,60,--,1051.0,121,9,10,10,10,10.0,,,6.0,6.75,6.75,8.25,,,25.93,23.37,23.41,23.91,,,96.62,10.0,3.3,109,145
47,5,1332,8,0.0,5.5,3,IRE,Gelding,60,--,1002.0,121,7,8,7,8,8.0,,,5.5,5.25,4.5,5.5,,,25.85,23.21,23.29,23.81,,,96.16,10.0,2.7,7,115
47,6,2174,7,0.0,4.25,3,AUS,Brown,60,--,1152.0,121,2,6,5,5,7.0,,,3.75,3.5,3.25,4.25,,,25.57,23.21,23.37,23.81,,,95.96,76.0,19.0,97,138
47,7,277,1,1.0,0.0,3,IRE,Gelding,60,--,995.0,118,4,1,1,1,1.0,,,2.0,1.0,1.5,0.5,,,24.97,23.25,23.41,23.65,,,95.28,3.6,1.4,132,162
47,8,1895,4,0.0,3.25,3,NZ,Gelding,60,--,988.0,117,5,9,8,7,4.0,,,5.75,5.25,4.5,3.25,,,25.89,23.17,23.29,23.46,,,95.81,17.0,4.5,9,154
47,9,2170,2,0.0,0.5,3,AUS,Gelding,60,--,1169.0,118,1,3,3,3,2.0,,,2.0,1.75,1.75,0.5,,,25.29,23.21,23.41,23.47,,,95.38,3.2,1.4,47,18
47,10,3161,6,0.0,3.75,3,USA,Gelding,60,--,1060.0,110,10,7,9,9,6.0,,,4.75,5.5,4.75,3.75,,,25.73,23.37,23.29,23.48,,,95.87,10.0,3.0,97,149
48,1,1520,7,0.0,4.0,3,IRE,Gelding,60,--,1103.0,133,2,5,5,5,5.0,7.0,,3.25,3.5,3.5,2.75,4.0,,15.0,24.2,24.5,23.68,22.8,,110.18,17.0,3.5,118,138
48,2,3444,6,0.0,3.75,3,AUS,Gelding,60,--,1144.0,132,3,8,7,7,7.0,6.0,,5.25,5.25,4.5,4.0,3.75,,15.32,24.16,24.38,23.72,22.55,,110.13,43.0,9.0,118,154
48,3,3447,1,1.0,0.0,3,AUS,Gelding,60,--,1059.0,130,1,3,4,4,3.0,1.0,,1.75,3.0,2.5,1.5,0.75,,14.76,24.36,24.42,23.64,22.37,,109.55,2.2,1.3,98,2
48,4,3281,4,0.0,2.5,3,NZ,Gelding,60,--,1050.0,127,6,4,3,2,2.0,4.0,,1.75,1.75,1.0,1.25,2.5,,14.76,24.16,24.38,23.84,22.81,,109.95,8.4,2.2,69,183
48,5,93,3,0.0,2.5,3,NZ,Gelding,60,--,1124.0,125,8,1,1,1,1.0,3.0,,0.5,1.75,1.0,1.25,2.5,,14.48,24.16,24.5,23.8,23.0,,109.94,8.1,1.8,97,115
48,6,1518,9,0.0,5.0,3,IRE,Gelding,60,--,1060.0,123,9,9,9,9,9.0,9.0,,5.75,7.0,6.0,4.75,5.0,,15.4,24.36,24.34,23.6,22.66,,110.36,14.0,3.5,132,64
48,7,2393,5,0.0,2.75,3,AUS,Gelding,60,--,1125.0,120,7,7,8,8,8.0,5.0,,4.75,6.25,5.5,4.0,2.75,,15.24,24.4,24.38,23.56,22.41,,109.99,43.0,8.9,9,145
48,8,97,2,0.0,0.75,3,AUS,Gelding,60,--,1021.0,117,5,6,6,6,6.0,2.0,,3.25,4.75,3.75,2.75,0.75,,15.0,24.4,24.34,23.64,22.29,,109.67,3.5,1.4,97,69
48,9,2792,8,0.0,4.75,3,NZ,Gelding,60,--,1129.0,112,4,2,2,3,4.0,8.0,,0.5,1.75,1.75,1.5,4.75,,14.56,24.36,24.5,23.76,23.11,,110.29,12.0,2.6,47,34
49,1,4013,4,0.0,0.5,3,AUS,Gelding,60,--,1079.0,123,13,4,3,4,,,,1.5,1.75,0.5,,,,13.82,21.07,23.08,,,,57.97,3.4,1.4,75,63
49,2,2167,2,0.0,0.15,3,AUS,Gelding,60,--,1196.0,125,4,11,9,2,,,,4.75,3.75,0.15,,,,14.34,20.87,22.67,,,,57.88,18.0,4.9,55,34
49,3,2017,5,0.0,1.25,3,AUS,Gelding,60,--,1164.0,124,2,12,11,5,,,,5.25,5.0,1.25,,,,14.42,20.99,22.65,,,,58.06,14.0,5.1,4,162
49,4,2430,11,0.0,3.75,3,AUS,Colt,60,--,1135.0,126,12,1,1,11,,,,0.5,0.25,3.75,,,,13.58,21.03,23.86,,,,58.47,9.0,2.8,9,154
49,5,2488,12,0.0,5.0,3,AUS,Gelding,60,--,1065.0,126,7,9,12,12,,,,4.0,6.75,5.0,,,,14.22,21.47,22.97,,,,58.66,20.0,6.4,164,57
49,6,472,3,0.0,0.5,3,AUS,Gelding,60,--,1086.0,121,11,2,2,3,,,,0.5,0.25,0.5,,,,13.66,20.99,23.31,,,,57.96,10.0,2.5,80,59
49,7,2802,13,0.0,5.75,3,NZ,Gelding,60,--,1211.0,126,3,13,13,13,,,,5.5,7.75,5.75,,,,14.46,21.39,22.92,,,,58.77,48.0,14.0,38,64
49,8,2179,9,0.0,1.75,3,AUS,Gelding,60,--,1141.0,125,10,5,7,9,,,,2.25,3.25,1.75,,,,13.94,21.19,23.03,,,,58.16,21.0,6.0,7,115
49,9,3710,1,1.0,0.0,3,AUS,Gelding,60,--,1280.0,120,9,3,4,1,,,,1.0,1.75,0.15,,,,13.74,21.15,22.97,,,,57.86,23.0,7.3,137,128
49,10,2395,14,0.0,999.0,3,NZ,Gelding,60,--,1122.0,125,5,14,14,14,,,,22.75,31.75,999.0,,,,17.22,22.47,24.62,,,,64.31,60.0,15.0,29,18
49,11,1764,7,0.0,1.75,3,NZ,Gelding,60,--,1172.0,125,14,7,6,7,,,,2.5,3.25,1.75,,,,13.98,21.15,23.01,,,,58.14,9.4,3.0,97,138
49,12,3082,6,0.0,1.25,3,NZ,Gelding,60,--,1095.0,124,1,10,10,6,,,,4.5,4.75,1.25,,,,14.3,21.07,22.71,,,,58.08,8.7,2.7,128,69
49,13,468,10,0.0,2.0,3,AUS,Gelding,60,--,1151.0,119,8,6,8,10,,,,2.25,3.5,2.0,,,,13.94,21.23,23.01,,,,58.18,8.0,4.3,70,131
49,14,2841,8,0.0,1.75,3,AUS,Gelding,60,--,1137.0,112,6,8,5,8,,,,2.5,2.5,1.75,,,,13.98,21.03,23.14,,,,58.15,14.0,3.7,47,149
50,1,1853,6,0.0,7.0,3,SAF,Gelding,60,--,1125.0,127,8,3,6,4,7.0,,,0.75,3.25,1.5,7.0,,,13.92,21.99,23.49,24.6,,,84.0,40.0,11.0,80,59
50,2,4026,9,0.0,9.25,3,NZ,Gelding,60,--,1008.0,132,5,10,8,8,10.0,,,2.5,5.0,3.25,9.25,,,14.2,21.99,23.49,24.66,,,84.34,7.1,1.8,132,183
50,4,2076,10,0.0,10.5,3,NZ,Gelding,60,--,957.0,121,9,1,4,5,11.0,,,0.25,1.75,2.0,10.5,,,13.8,21.87,23.81,25.06,,,84.54,99.0,31.0,54,63
50,5,1315,13,0.0,15.75,3,NZ,Gelding,60,--,1231.0,131,13,4,2,2,14.0,,,0.75,0.15,0.75,15.75,,,13.92,21.47,23.89,26.1,,,85.38,15.0,3.4,55,69
50,6,29,1,1.0,0.0,3,NZ,Gelding,60,--,1064.0,125,6,9,9,9,2.0,,,2.0,5.75,3.75,3.5,,,14.12,22.19,23.45,23.67,,,83.43,13.0,4.4,138,128
50,7,2814,4,0.0,5.5,3,AUS,Horse,60,--,1029.0,129,1,12,11,11,5.0,,,3.75,6.5,4.0,5.5,,,14.4,22.03,23.37,23.97,,,83.77,7.7,2.6,75,2
50,8,552,2,0.0,3.75,3,AUS,Gelding,60,--,1029.0,129,12,7,7,7,3.0,,,1.25,4.25,3.0,3.75,,,14.0,22.07,23.57,23.82,,,83.46,10.0,3.2,63,64
50,9,1097,8,0.0,8.25,3,IRE,Gelding,60,--,1084.0,123,7,2,3,1,9.0,,,0.25,0.5,0.75,8.25,,,13.84,21.63,23.69,25.02,,,84.18,66.0,20.0,69,34
50,10,4320,3,0.0,4.75,3,NZ,Gelding,60,--,1059.0,124,4,13,13,13,4.0,,,4.5,8.0,5.25,4.75,,,14.52,22.15,23.33,23.61,,,83.61,19.0,4.3,109,145
50,11,2617,12,0.0,11.0,3,AUS,Gelding,60,--,1021.0,123,10,5,5,6,13.0,,,1.0,2.5,2.0,11.0,,,13.96,21.83,23.69,25.16,,,84.64,9.5,3.4,7,115
50,12,1969,5,0.0,7.0,3,IRE,Gelding,60,--,969.0,120,3,14,14,14,6.0,,,6.0,8.25,5.5,7.0,,,14.76,21.95,23.33,23.93,,,83.97,27.0,7.0,128,154
50,13,3869,7,0.0,7.5,3,NZ,Gelding,60,--,1105.0,110,11,8,10,12,8.0,,,1.75,6.25,4.25,7.5,,,14.08,22.31,23.45,24.22,,,84.06,71.0,15.0,117,149
50,14,306,11,0.0,10.75,3,AUS,Gelding,60,--,1010.0,113,14,6,1,3,12.0,,,1.25,0.15,1.25,10.75,,,14.0,21.39,23.97,25.24,,,84.6,14.0,4.0,38,162
51,1,3691,8,0.0,3.5,3,IRE,Gelding,60,--,1044.0,133,4,8,8,8,,,,2.0,1.75,3.5,,,,13.94,20.87,22.87,,,,57.68,29.0,7.8,109,145
51,2,960,14,0.0,11.0,3,IRE,Gelding,60,--,1087.0,130,10,4,7,14,,,,0.25,1.75,11.0,,,,13.66,21.15,24.07,,,,58.88,99.0,21.0,138,34
51,3,3245,4,0.0,2.0,3,NZ,Gelding,60,--,1059.0,126,5,7,9,4,,,,1.25,2.25,2.0,,,,13.82,21.07,22.53,,,,57.42,11.0,3.5,137,128
51,4,804,12,0.0,6.5,3,USA,Gelding,60,--,1026.0,125,8,12,13,12,,,,2.75,4.75,6.5,,,,14.06,21.23,22.86,,,,58.15,56.0,15.0,7,149
51,5,2634,6,0.0,3.0,3,AUS,Gelding,60,--,1168.0,130,9,14,14,6,,,,3.0,5.0,3.0,,,,14.1,21.23,22.26,,,,57.59,12.0,3.8,69,183
51,6,2509,10,0.0,4.0,3,NZ,Gelding,60,--,1074.0,126,13,2,4,10,,,,0.25,0.5,4.0,,,,13.66,20.95,23.13,,,,57.74,5.3,2.3,29,18
51,7,1833,9,0.0,4.0,3,AUS,Gelding,60,--,1087.0,123,7,6,5,9,,,,0.5,1.0,4.0,,,,13.7,20.99,23.05,,,,57.74,18.0,5.6,132,64
51,8,3446,1,1.0,0.0,3,AUS,Gelding,60,--,1075.0,122,3,5,2,1,,,,0.25,0.25,0.25,,,,13.66,20.91,22.54,,,,57.11,12.0,3.0,55,138
51,9,3905,5,0.0,2.5,3,AUS,Brown,60,--,1129.0,118,12,1,1,5,,,,0.25,0.25,2.5,,,,13.62,20.91,22.99,,,,57.52,5.8,1.6,128,151
51,10,3842,3,0.0,0.5,3,AUS,Gelding,60,--,1083.0,109,6,3,3,3,,,,0.25,0.25,0.5,,,,13.66,20.91,22.64,,,,57.21,23.0,6.3,47,40
51,11,377,11,0.0,4.5,3,AUS,Gelding,60,--,1196.0,118,2,13,10,11,,,,2.75,3.5,4.5,,,,14.06,21.03,22.76,,,,57.85,14.0,3.9,98,2
51,12,2959,13,0.0,8.0,3,AUS,Gelding,60,--,1154.0,113,1,10,12,13,,,,2.0,4.0,8.0,,,,13.94,21.23,23.22,,,,58.39,99.0,28.0,75,131
51,13,258,7,0.0,3.0,3,NZ,Gelding,60,--,1142.0,116,11,11,11,7,,,,2.25,3.5,3.0,,,,13.98,21.11,22.52,,,,57.61,43.0,10.0,60,154
51,14,3415,2,0.0,0.25,3,NZ,Gelding,60,--,1166.0,116,14,9,6,2,,,,2.0,1.75,0.25,,,,13.94,20.87,22.37,,,,57.18,2.9,1.3,38,69
52,1,4375,10,0.0,9.25,3,AUS,Gelding,60,--,1160.0,128,2,6,7,7,10.0,,,1.5,4.25,3.5,9.25,,,13.86,22.03,23.93,24.6,,,84.42,17.0,5.4,137,128
52,2,2071,2,0.0,0.75,3,NZ,Gelding,60,--,1103.0,133,11,1,4,5,2.0,,,0.15,3.0,2.25,0.75,,,13.62,22.07,23.93,23.44,,,83.06,2.5,1.3,60,2
52,3,888,11,0.0,15.75,3,NZ,Gelding,60,--,1199.0,129,6,2,2,2,11.0,,,0.15,0.75,1.0,15.75,,,13.62,21.71,24.09,26.06,,,85.48,6.5,1.8,54,34
52,4,3438,4,0.0,1.5,3,NZ,Gelding,60,--,1042.0,127,4,8,6,6,4.0,,,2.75,4.25,3.25,1.5,,,14.06,21.83,23.89,23.41,,,83.19,15.0,3.8,47,138
52,5,3877,7,0.0,3.25,3,NZ,Gelding,60,--,1027.0,126,10,5,5,4,7.0,,,1.25,3.25,2.0,3.25,,,13.82,21.91,23.85,23.88,,,83.46,5.0,1.6,118,69
52,6,1865,8,0.0,3.5,3,NZ,Gelding,60,--,1008.0,125,7,10,10,9,8.0,,,5.5,6.25,4.5,3.5,,,14.5,21.71,23.77,23.54,,,83.52,71.0,16.0,97,115
52,7,2418,9,0.0,4.75,3,AUS,Gelding,60,--,1153.0,121,1,3,1,1,9.0,,,0.5,0.75,1.0,4.75,,,13.7,21.51,24.05,24.44,,,83.7,8.3,2.5,117,131
52,8,3734,3,0.0,0.75,3,AUS,Gelding,60,--,1119.0,115,8,11,11,11,3.0,,,7.25,7.5,5.5,0.75,,,14.78,21.63,23.73,22.94,,,83.08,8.5,2.9,29,59
52,9,3105,6,0.0,3.25,3,NZ,Gelding,60,--,1009.0,117,9,9,9,10,6.0,,,5.0,6.25,4.75,3.25,,,14.42,21.79,23.81,23.44,,,83.46,17.0,3.7,98,154
52,10,1095,5,0.0,2.25,3,AUS,Gelding,60,--,1012.0,114,3,4,3,3,5.0,,,1.25,2.5,1.25,2.25,,,13.82,21.79,23.85,23.84,,,83.3,36.0,8.4,38,162
52,11,2964,1,1.0,0.0,3,NZ,Gelding,60,--,1061.0,113,5,7,8,8,1.0,,,1.75,5.0,3.75,0.75,,,13.9,22.11,23.85,23.09,,,82.95,81.0,16.0,75,151
53,1,2973,12,0.0,6.75,3,AUS,Gelding,60,--,1082.0,133,12,12,14,14,12.0,,,4.75,6.25,4.0,6.75,,,14.29,22.71,22.81,22.5,,,82.31,8.9,2.7,7,115
53,2,3998,11,0.0,5.5,3,NZ,Gelding,60,--,1076.0,127,6,13,13,12,11.0,,,5.5,5.5,3.75,5.5,,,14.41,22.47,22.89,22.32,,,82.09,17.0,4.2,97,138
53,3,2200,4,0.0,2.0,3,NZ,Gelding,60,--,1123.0,127,10,8,7,5,4.0,,,3.0,3.0,1.5,2.0,,,14.01,22.47,22.93,22.13,,,81.54,18.0,5.5,117,145
53,4,383,1,1.0,0.0,3,NZ,Gelding,60,--,1129.0,124,5,9,10,7,1.0,,,3.5,4.25,2.0,0.75,,,14.09,22.59,22.81,21.74,,,81.23,4.6,1.5,60,2
53,5,4037,10,0.0,4.75,3,NZ,Gelding,60,--,1262.0,124,3,4,4,6,10.0,,,1.5,1.5,1.5,4.75,,,13.77,22.47,23.17,22.58,,,81.99,35.0,9.1,118,64
53,6,2631,2,0.0,0.75,3,GB,Gelding,60,--,1080.0,123,2,6,6,8,2.0,,,2.5,2.5,2.5,0.75,,,13.93,22.47,23.17,21.78,,,81.35,5.5,2.4,29,18
53,7,3616,8,0.0,3.25,3,NZ,Gelding,60,--,1064.0,110,13,5,5,3,8.0,,,1.75,1.75,1.0,3.25,,,13.81,22.47,23.05,22.42,,,81.75,14.0,5.1,118,128
53,8,1517,3,0.0,0.75,3,IRE,Gelding,60,--,1180.0,120,8,7,8,9,3.0,,,2.5,3.0,2.5,0.75,,,13.93,22.55,23.09,21.78,,,81.35,10.0,3.3,7,183
53,9,3353,14,0.0,8.75,3,AUS,Gelding,60,--,1064.0,117,11,2,1,2,14.0,,,0.75,0.15,0.25,8.75,,,13.65,22.35,23.21,23.42,,,82.63,56.0,19.0,137,34
53,10,1398,13,0.0,8.0,3,AUS,Gelding,60,--,1202.0,119,9,11,11,11,13.0,,,4.5,4.5,3.5,8.0,,,14.25,22.47,23.01,22.79,,,82.52,39.0,11.0,137,57
53,11,3790,5,0.0,2.0,3,IRE,Brown,60,--,1071.0,116,7,1,2,1,5.0,,,0.75,0.15,0.25,2.0,,,13.53,22.47,23.17,22.38,,,81.55,21.0,7.3,7,162
53,12,1402,6,0.0,2.75,3,AUS,Gelding,60,--,1088.0,116,4,10,9,13,6.0,,,4.25,4.0,3.75,2.75,,,14.21,22.43,23.13,21.89,,,81.66,9.9,2.8,97,69
53,13,3996,9,0.0,4.0,3,GB,Gelding,60,--,1127.0,116,1,3,3,4,9.0,,,1.0,1.5,1.5,4.0,,,13.69,22.55,23.17,22.46,,,81.87,6.5,2.7,7,154
53,14,939,7,0.0,3.25,3,NZ,Gelding,60,--,1134.0,113,14,14,12,10,7.0,,,6.5,5.5,3.0,3.25,,,14.57,22.31,22.77,22.08,,,81.73,20.0,5.9,29,131
54,1,1771,9,0.0,4.5,3,NZ,Gelding,60,--,1158.0,123,7,4,6,7,9.0,,,1.75,4.0,4.25,4.5,,,14.37,23.36,23.48,22.38,,,83.59,27.0,7.2,60,63
54,2,4364,10,0.0,4.75,3,AUS,Gelding,60,--,1170.0,127,4,3,4,5,10.0,,,1.25,2.75,3.0,4.75,,,14.29,23.24,23.48,22.6,,,83.61,63.0,14.0,80,149
54,3,541,4,0.0,1.75,3,AUS,Gelding,60,--,1066.0,131,6,12,11,9,4.0,,,4.25,6.0,5.5,1.75,,,14.77,23.28,23.36,21.73,,,83.14,6.9,2.3,97,69
54,4,3706,2,0.0,0.2,3,NZ,Gelding,60,--,1042.0,129,9,5,2,2,2.0,,,2.25,0.25,0.5,0.2,,,14.45,22.68,23.48,22.27,,,82.88,7.1,2.4,38,162
54,5,3914,3,0.0,1.75,3,AUS,Gelding,60,--,1092.0,129,2,2,3,3,3.0,,,1.0,1.5,1.5,1.75,,,14.25,23.08,23.44,22.36,,,83.13,2.7,1.4,118,2
54,6,799,7,0.0,3.5,3,NZ,Gelding,60,--,1073.0,127,3,11,7,6,7.0,,,4.0,4.25,4.25,3.5,,,14.73,23.04,23.44,22.2,,,83.41,9.7,3.1,47,183
54,7,99,5,0.0,2.25,3,NZ,Gelding,60,--,1063.0,125,1,6,5,4,5.0,,,2.75,2.75,3.0,2.25,,,14.53,23.0,23.48,22.21,,,83.22,8.8,2.5,70,138
54,8,3709,12,0.0,7.25,3,NZ,Gelding,60,--,1054.0,122,12,9,9,10,12.0,,,3.25,5.25,5.75,7.25,,,14.61,23.32,23.52,22.56,,,84.01,15.0,4.5,164,57
54,9,3578,1,1.0,0.0,3,AUS,Gelding,60,--,1112.0,119,13,1,1,1,1.0,,,1.0,0.25,0.5,0.2,,,14.09,23.0,23.44,22.33,,,82.86,16.0,4.9,4,64
54,10,2053,8,0.0,4.0,3,NZ,Gelding,60,--,1067.0,117,5,7,8,8,8.0,,,2.75,4.25,4.75,4.0,,,14.53,23.24,23.52,22.19,,,83.48,22.0,6.0,4,155
54,11,559,13,0.0,8.5,3,NZ,Gelding,60,--,1134.0,114,11,10,12,13,13.0,,,3.25,6.75,8.25,8.5,,,14.61,23.56,23.68,22.38,,,84.23,99.0,25.0,7,59
54,12,3420,11,0.0,6.25,3,GB,Gelding,60,--,989.0,116,8,8,10,11,11.0,,,3.25,5.75,6.5,6.25,,,14.61,23.4,23.56,22.29,,,83.86,99.0,23.0,55,34
54,13,2306,6,0.0,3.25,3,NZ,Gelding,60,--,1099.0,115,10,13,13,12,6.0,,,4.25,7.5,6.5,3.25,,,14.77,23.52,23.28,21.81,,,83.38,9.0,2.1,9,154
55,1,1904,1,1.0,0.0,3,NZ,Gelding,60,--,1177.0,133,13,1,1,1,1.0,,,0.25,2.75,3.5,0.75,,,14.0,22.0,22.72,22.96,,,81.68,8.3,2.3,98,69
55,2,4019,12,0.0,8.25,3,NZ,Gelding,60,--,1132.0,127,12,11,8,8,12.0,,,3.5,6.25,7.5,8.25,,,14.56,22.44,22.92,23.06,,,82.98,4.4,2.0,118,2
55,3,1863,8,0.0,4.75,3,AUS,Colt,60,--,1094.0,125,10,3,3,4,8.0,,,1.25,3.75,4.75,4.75,,,14.2,22.4,22.88,22.95,,,82.43,9.0,2.8,164,57
55,4,3788,3,0.0,2.0,3,AUS,Brown,60,--,1045.0,123,1,8,7,5,3.0,,,2.25,6.25,6.0,2.0,,,14.36,22.64,22.68,22.33,,,82.01,13.0,3.6,117,162
55,5,1907,14,0.0,14.75,3,NZ,Gelding,60,--,1214.0,122,11,5,5,7,14.0,,,1.75,4.75,7.25,14.75,,,14.28,22.48,23.12,24.17,,,84.05,65.0,23.0,55,34
55,6,4343,7,0.0,4.25,3,NZ,Gelding,60,--,1180.0,123,6,7,9,9,7.0,,,2.0,6.75,7.5,4.25,,,14.32,22.76,22.84,22.44,,,82.36,7.4,2.7,97,183
55,7,2390,4,0.0,2.5,3,NZ,Gelding,60,--,1276.0,121,5,9,11,10,4.0,,,3.25,8.0,7.5,2.5,,,14.52,22.76,22.64,22.15,,,82.07,8.9,3.0,29,18
55,8,2048,6,0.0,4.0,3,AUS,Gelding,60,--,1129.0,116,8,6,6,6,6.0,,,1.75,5.0,6.0,4.0,,,14.28,22.52,22.88,22.62,,,82.3,16.0,4.3,7,59
55,9,3554,9,0.0,5.5,3,GB,Gelding,60,--,1035.0,120,9,13,10,11,9.0,,,4.75,7.75,8.5,5.5,,,14.76,22.48,22.84,22.49,,,82.57,5.3,1.7,60,138
55,10,3995,5,0.0,3.25,3,IRE,Brown,60,--,1052.0,118,4,2,2,2,5.0,,,0.25,2.75,3.5,3.25,,,14.04,22.4,22.84,22.92,,,82.2,26.0,6.6,164,154
55,11,4248,2,0.0,0.75,3,IRE,Gelding,60,--,1104.0,119,2,4,4,3,2.0,,,1.25,4.5,4.25,0.75,,,14.2,22.52,22.68,22.42,,,81.82,9.8,3.4,7,115
55,12,1361,13,0.0,10.25,3,IRE,Colt,60,--,1206.0,113,3,12,14,13,13.0,,,4.0,9.5,9.75,10.25,,,14.64,22.88,22.76,23.05,,,83.33,99.0,31.0,137,128
55,13,1420,10,0.0,6.5,3,NZ,Gelding,60,--,1245.0,112,7,10,13,12,10.0,,,3.5,9.25,9.0,6.5,,,14.56,22.92,22.68,22.56,,,82.72,99.0,30.0,97,149
55,14,3424,11,0.0,7.0,3,AUS,Gelding,60,--,1074.0,114,14,14,12,14,11.0,,,5.0,9.25,10.25,7.0,,,14.8,22.68,22.88,22.43,,,82.79,89.0,20.0,97,151
56,1,1410,3,0.0,2.5,3,AUS,Gelding,60,--,1156.0,133,2,6,6,5,3.0,,,5.75,3.75,2.75,2.5,,,25.69,23.26,23.15,23.67,,,95.77,4.4,1.3,70,2
56,3,389,7,0.0,9.75,3,AUS,Gelding,60,--,1134.0,127,3,5,5,7,7.0,,,5.25,2.75,3.25,9.75,,,25.61,23.18,23.39,24.73,,,96.91,19.0,5.1,138,128
56,4,2296,5,0.0,5.25,3,IRE,Gelding,60,--,1049.0,127,7,1,1,1,5.0,,,0.75,1.0,0.25,5.25,,,24.77,23.58,23.31,24.53,,,96.19,18.0,4.0,75,131
56,5,2415,4,0.0,3.75,3,NZ,Gelding,60,--,1139.0,125,6,7,7,6,4.0,,,7.0,4.0,2.75,3.75,,,25.89,23.1,23.11,23.87,,,95.97,6.0,1.6,97,138
56,6,4043,6,0.0,7.75,3,GB,Gelding,60,--,1031.0,121,1,4,4,4,6.0,,,4.0,2.25,1.5,7.75,,,25.41,23.3,23.19,24.71,,,96.61,5.7,1.7,75,18
56,7,2323,1,1.0,0.0,3,AUS,Brown,60,--,1122.0,114,4,3,2,2,1.0,,,3.5,1.0,0.25,1.75,,,25.33,23.18,23.19,23.66,,,95.36,6.5,2.1,97,149
56,8,484,2,0.0,1.75,3,AUS,Gelding,60,--,1143.0,115,5,2,3,3,2.0,,,0.75,1.5,1.25,1.75,,,24.89,23.7,23.27,23.75,,,95.61,2.6,1.3,47,162
57,1,2326,5,0.0,4.0,3,USA,Gelding,60,--,1041.0,130,6,5,7,7,5.0,,,2.5,3.0,3.5,4.0,,,29.13,25.47,24.16,22.91,,,101.67,13.0,2.8,128,128
57,2,4220,2,0.0,0.5,3,NZ,Gelding,60,--,1041.0,132,5,4,6,4,2.0,,,2.5,2.25,2.0,0.5,,,29.13,25.35,24.04,22.57,,,101.09,5.8,1.5,98,2
57,3,1337,7,0.0,7.5,3,IRE,Gelding,60,--,1026.0,132,4,8,8,8,7.0,,,4.25,4.0,4.25,7.5,,,29.41,25.35,24.12,23.34,,,102.22,18.0,4.5,7,115
57,4,3170,1,1.0,0.0,3,NZ,Gelding,60,--,1144.0,130,3,2,2,2,1.0,,,1.0,1.0,0.75,0.5,,,28.89,25.39,24.04,22.69,,,101.01,2.0,1.1,69,162
57,5,906,9,0.0,18.0,3,AUS,Gelding,60,--,1122.0,130,8,6,5,6,9.0,,,2.75,2.25,3.5,18.0,,,29.17,25.31,24.28,25.12,,,103.88,12.0,2.8,4,64
57,6,2971,4,0.0,1.75,3,NZ,Gelding,60,--,1017.0,120,7,3,4,3,4.0,,,1.25,1.5,0.75,1.75,,,28.93,25.43,23.96,22.96,,,101.28,26.0,6.3,164,63
57,7,4061,3,0.0,1.25,3,NZ,Gelding,60,--,1132.0,118,2,1,1,1,3.0,,,1.0,1.0,0.75,1.25,,,28.73,25.39,24.08,23.03,,,101.23,8.4,2.5,75,59
57,9,3740,6,0.0,6.75,3,AUS,Gelding,60,--,1145.0,120,1,7,3,5,6.0,,,3.75,1.25,2.5,6.75,,,29.33,24.99,24.28,23.49,,,102.09,10.0,2.9,47,138
57,10,1521,8,0.0,9.0,3,AUS,Gelding,60,--,1181.0,112,9,9,9,9,8.0,,,4.5,4.75,4.25,9.0,,,29.45,25.43,24.0,23.56,,,102.44,10.0,3.7,109,34
58,1,1202,5,0.0,5.0,3,NZ,Gelding,60,--,1049.0,130,2,2,2,1,2.0,5.0,,1.0,1.5,0.25,0.15,5.0,,14.22,24.8,24.04,22.97,23.25,,109.28,11.0,2.8,137,128
58,2,2098,4,0.0,4.25,3,NZ,Gelding,60,--,1060.0,125,4,6,6,6,5.0,4.0,,4.5,4.0,2.75,2.0,4.25,,14.78,24.64,24.08,22.85,22.82,,109.17,9.3,2.2,98,64
58,3,2001,3,0.0,1.75,3,AUS,Gelding,60,--,1207.0,125,5,4,3,3,3.0,3.0,,2.5,2.25,1.5,0.75,1.75,,14.46,24.68,24.16,22.85,22.59,,108.74,2.7,1.3,97,138
58,4,3933,2,0.0,1.25,3,AUS,Gelding,60,--,1126.0,123,8,1,1,2,1.0,2.0,,1.0,1.5,0.25,0.15,1.25,,14.06,24.72,24.32,22.93,22.61,,108.64,8.6,2.3,97,18
58,5,3120,6,0.0,6.75,3,IRE,Gelding,60,--,1079.0,117,6,7,7,8,8.0,6.0,,4.75,5.75,5.0,4.25,6.75,,14.82,24.88,24.16,22.85,22.83,,109.54,16.0,3.6,54,34
58,6,1403,7,0.0,7.5,3,NZ,Gelding,60,--,1260.0,117,7,5,5,5,6.0,7.0,,3.75,3.0,2.75,2.5,7.5,,14.66,24.6,24.24,22.93,23.22,,109.65,10.0,2.7,38,69
58,7,4045,1,1.0,0.0,3,GB,Gelding,60,--,1087.0,116,1,3,4,4,4.0,1.0,,2.0,2.75,2.0,1.25,1.25,,14.38,24.84,24.16,22.85,22.24,,108.47,2.8,1.1,7,154
58,8,3396,8,0.0,8.0,3,NZ,Gelding,60,--,1220.0,113,3,8,8,7,7.0,8.0,,4.75,6.25,4.75,3.75,8.0,,14.82,24.96,24.04,22.81,23.12,,109.75,40.0,7.6,55,155
59,1,2157,5,0.0,2.75,3,NZ,Gelding,60,--,993.0,131,2,7,7,7,8.0,5.0,,3.0,4.0,3.25,2.75,2.75,,14.26,22.91,25.05,24.12,23.99,,110.33,12.0,5.1,164,34
59,2,3127,2,0.0,0.75,3,NZ,Gelding,60,--,1057.0,127,3,5,5,6,7.0,2.0,,2.0,3.75,3.25,2.5,0.75,,14.1,23.03,25.09,24.08,23.73,,110.03,10.0,3.6,80,59
59,3,2507,12,0.0,8.25,3,NZ,Gelding,60,--,1009.0,131,11,4,4,4,5.0,12.0,,1.5,2.5,2.0,2.0,8.25,,14.02,22.91,25.09,24.2,25.0,,111.22,31.0,10.0,63,64
59,4,876,11,0.0,7.25,3,NZ,Gelding,60,--,1149.0,124,10,1,2,1,2.0,11.0,,0.15,0.25,0.25,0.15,7.25,,13.78,22.79,25.13,24.2,25.14,,111.04,65.0,19.0,47,52
59,5,722,13,0.0,10.0,3,AUS,Gelding,60,--,1134.0,131,9,8,8,8,3.0,13.0,,3.0,4.5,3.5,0.75,10.0,,14.26,22.99,25.01,23.76,25.49,,111.51,8.4,2.7,109,145
59,6,2727,6,0.0,3.25,3,AUS,Gelding,60,--,1083.0,129,14,12,11,9,6.0,6.0,,5.0,6.25,4.5,2.25,3.25,,14.58,22.95,24.89,23.84,24.17,,110.43,4.2,1.5,75,18
59,7,3282,10,0.0,6.25,3,NZ,Gelding,60,--,1068.0,127,12,2,1,2,1.0,10.0,,0.15,0.25,0.25,0.15,6.25,,13.78,22.75,25.21,24.16,25.01,,110.91,12.0,4.5,38,162
59,8,3485,14,0.0,11.25,3,AUS,Gelding,60,--,1093.0,118,13,11,6,5,11.0,14.0,,4.25,4.0,3.0,4.25,11.25,,14.46,22.71,25.01,24.4,25.12,,111.7,75.0,19.0,47,40
59,9,962,4,0.0,1.5,3,FR,Gelding,60,--,1112.0,115,7,14,13,13,12.0,4.0,,6.0,7.5,6.25,4.5,1.5,,14.74,22.99,24.97,23.92,23.52,,110.14,45.0,12.0,109,63
59,10,809,3,0.0,1.5,3,IRE,Gelding,60,--,981.0,123,5,9,12,12,9.0,3.0,,3.75,6.75,5.75,3.25,1.5,,14.38,23.23,25.01,23.8,23.7,,110.12,5.7,1.8,54,2
59,11,2103,7,0.0,4.75,3,NZ,Gelding,60,--,1176.0,122,8,13,14,14,14.0,7.0,,5.5,8.0,7.25,6.5,4.75,,14.66,23.15,25.05,24.08,23.73,,110.67,22.0,7.7,38,115
59,12,727,1,1.0,0.0,3,USA,Gelding,60,--,1073.0,121,1,3,3,3,4.0,1.0,,1.5,2.25,2.0,1.5,0.75,,14.02,22.87,25.13,24.12,23.75,,109.89,5.7,1.8,128,183
59,13,1207,8,0.0,6.0,3,AUS,Gelding,60,--,1135.0,111,4,10,9,11,10.0,8.0,,4.0,5.25,4.75,4.25,6.0,,14.42,22.95,25.09,24.12,24.27,,110.85,21.0,5.9,137,128
59,14,248,9,0.0,6.0,3,AUS,Gelding,60,--,1141.0,109,6,6,10,10,13.0,9.0,,2.25,5.25,4.75,5.25,6.0,,14.14,23.23,25.09,24.28,24.11,,110.85,12.0,4.5,128,149
60,1,4317,4,0.0,2.25,3,AUS,Gelding,60,--,1175.0,133,1,1,1,4,,,,0.75,1.0,2.25,,,,24.23,22.47,23.96,,,,70.66,6.3,1.8,109,145
60,2,4374,11,0.0,9.75,3,AUS,Gelding,60,--,1086.0,130,2,4,3,11,,,,1.75,1.75,9.75,,,,24.51,22.47,24.85,,,,71.83,10.0,3.2,98,69
60,3,1677,3,0.0,0.75,3,NZ,Gelding,60,--,1181.0,130,7,9,8,3,,,,3.75,4.5,0.75,,,,24.83,22.59,23.01,,,,70.43,15.0,3.4,9,183
60,4,2641,12,0.0,13.5,3,USA,Gelding,60,--,1045.0,129,11,10,9,12,,,,4.5,4.75,13.5,,,,24.95,22.51,24.97,,,,72.43,39.0,13.0,7,115
60,5,3125,9,0.0,6.75,3,AUS,Gelding,60,--,1128.0,127,5,2,4,9,,,,0.75,1.75,6.75,,,,24.35,22.63,24.38,,,,71.36,15.0,4.7,132,154
60,6,2442,10,0.0,7.0,3,AUS,Gelding,60,--,1166.0,123,6,8,11,10,,,,3.75,8.0,7.0,,,,24.83,23.15,23.44,,,,71.42,12.0,3.9,137,128
60,7,3487,2,0.0,0.1,3,IRE,Gelding,60,--,1175.0,126,3,3,2,2,,,,1.0,1.0,0.1,,,,24.39,22.47,23.43,,,,70.29,2.9,1.2,128,2
60,8,1198,6,0.0,4.25,3,NZ,Gelding,60,--,1069.0,125,4,6,5,6,,,,2.5,3.0,4.25,,,,24.63,22.55,23.81,,,,70.99,25.0,7.5,47,138
60,9,4068,8,0.0,4.75,3,AUS,Gelding,60,--,1159.0,121,8,12,12,8,,,,5.5,9.25,4.75,,,,25.11,23.07,22.9,,,,71.08,38.0,10.0,54,34
60,10,3130,5,0.0,3.5,3,NZ,Gelding,60,--,1047.0,108,12,5,7,5,,,,2.0,4.25,3.5,,,,24.55,22.83,23.49,,,,70.87,20.0,5.8,60,63
60,11,3119,1,1.0,0.0,3,IRE,Gelding,60,--,1058.0,118,9,7,6,1,,,,3.25,3.25,0.1,,,,24.75,22.47,23.07,,,,70.29,4.1,1.5,63,64
60,12,4179,7,0.0,4.5,3,NZ,Gelding,60,--,1114.0,116,10,11,10,7,,,,4.75,7.75,4.5,,,,24.99,22.95,23.11,,,,71.05,41.0,9.6,75,162
61,1,2795,5,0.0,2.25,3,FR,Gelding,60,--,1037.0,131,1,7,3,5,,,,1.25,1.5,2.25,,,,23.84,22.26,23.7,,,,69.8,10.0,2.8,9,145
61,2,3902,9,0.0,4.5,3,NZ,Gelding,60,--,1088.0,128,9,11,12,9,,,,3.25,5.0,4.5,,,,24.16,22.5,23.47,,,,70.13,3.3,1.5,98,2
61,3,2669,11,0.0,7.25,3,AUS,Gelding,60,--,1176.0,123,11,6,11,11,,,,1.0,4.25,7.25,,,,23.8,22.74,24.04,,,,70.58,75.0,16.0,63,59
61,4,3786,7,0.0,3.0,3,AUS,Gelding,60,--,1063.0,125,8,9,8,7,,,,2.25,3.5,3.0,,,,24.0,22.42,23.49,,,,69.91,12.0,3.4,47,138
61,5,380,2,0.0,0.25,3,NZ,Gelding,60,--,1114.0,123,5,2,1,2,,,,0.15,0.75,0.25,,,,23.64,22.22,23.62,,,,69.48,28.0,6.5,38,154
61,6,239,4,0.0,0.75,3,USA,Gelding,60,--,1120.0,121,10,12,10,4,,,,3.25,4.0,0.75,,,,24.16,22.34,23.06,,,,69.56,15.0,5.3,29,18
61,7,3440,3,0.0,0.5,3,NZ,Gelding,60,--,1076.0,121,12,4,4,3,,,,0.5,2.0,0.5,,,,23.72,22.46,23.32,,,,69.5,12.0,3.2,128,183
61,8,3411,6,0.0,2.75,3,IRE,Gelding,60,--,1281.0,120,4,3,2,6,,,,0.5,0.75,2.75,,,,23.72,22.26,23.89,,,,69.87,33.0,7.5,80,64
61,9,2644,8,0.0,4.25,3,IRE,Gelding,60,--,1094.0,119,6,8,9,8,,,,2.0,3.5,4.25,,,,23.96,22.46,23.67,,,,70.09,4.6,1.6,7,115
61,10,3698,10,0.0,4.75,3,USA,Gelding,60,--,1052.0,113,3,10,7,10,,,,2.5,3.25,4.75,,,,24.04,22.34,23.79,,,,70.17,48.0,11.0,164,149
61,11,2434,12,0.0,999.0,3,AUS,Gelding,60,--,1123.0,114,7,1,6,12,,,,0.15,3.25,999.0,,,,23.64,22.74,27.0,,,,73.38,72.0,18.0,75,155
61,12,3306,1,1.0,0.0,3,USA,Gelding,60,--,1131.0,113,2,5,5,1,,,,0.75,2.25,0.25,,,,23.76,22.46,23.2,,,,69.42,3.8,1.4,118,69
62,1,3791,1,1.0,0.0,3,AUS,Gelding,60,--,1083.0,133,5,4,6,3,1.0,,,1.75,2.5,2.5,0.75,,,14.14,22.62,22.74,23.41,,,82.91,1.9,1.1,118,2
62,2,4018,6,0.0,3.0,3,NZ,Gelding,60,--,1112.0,120,8,2,3,2,6.0,,,0.25,0.5,0.5,3.0,,,13.9,22.54,22.74,24.23,,,83.41,6.0,1.7,60,63
62,3,2173,11,0.0,9.75,3,AUS,Gelding,60,--,1071.0,126,1,7,8,8,11.0,,,2.25,4.0,4.5,9.75,,,14.22,22.78,22.82,24.65,,,84.47,21.0,5.7,137,18
62,4,1441,8,0.0,6.25,3,NZ,Gelding,60,--,1103.0,124,7,1,1,1,8.0,,,0.25,0.15,0.5,6.25,,,13.86,22.5,22.74,24.81,,,83.91,32.0,5.6,54,34
62,5,3656,3,0.0,1.25,3,NZ,Gelding,60,--,1181.0,126,12,12,12,10,3.0,,,5.25,7.0,5.0,1.25,,,14.7,22.78,22.42,23.21,,,83.11,55.0,12.0,75,69
62,6,3991,9,0.0,6.25,3,AUS,Gelding,60,--,950.0,125,3,11,11,12,9.0,,,4.5,6.0,5.75,6.25,,,14.58,22.74,22.7,23.9,,,83.92,21.0,4.2,132,183
62,7,471,12,0.0,10.25,3,AUS,Gelding,60,--,1187.0,123,11,6,2,4,12.0,,,2.0,0.15,2.75,10.25,,,14.18,22.18,23.18,24.99,,,84.53,36.0,8.1,69,162
62,8,3106,10,0.0,6.25,3,NZ,Gelding,60,--,1097.0,116,2,3,4,5,10.0,,,1.25,2.0,3.0,6.25,,,14.06,22.62,22.9,24.34,,,83.92,99.0,19.0,55,52
62,9,4247,2,0.0,0.75,3,GB,Gelding,60,--,1073.0,121,4,9,9,6,2.0,,,3.0,4.25,3.75,0.75,,,14.34,22.7,22.66,23.32,,,83.02,7.7,2.2,63,64
62,10,2683,5,0.0,2.25,3,NZ,Gelding,60,--,1081.0,116,9,10,10,11,5.0,,,3.75,5.25,5.75,2.25,,,14.46,22.74,22.82,23.25,,,83.27,10.0,2.4,98,154
62,11,2228,4,0.0,1.75,3,AUS,Gelding,60,--,1085.0,113,10,5,5,7,4.0,,,1.75,2.25,4.25,1.75,,,14.14,22.58,23.06,23.43,,,83.21,28.0,5.7,4,155
62,12,1687,7,0.0,4.0,3,AUS,Gelding,60,--,1113.0,111,6,8,7,9,7.0,,,3.0,3.75,4.75,4.0,,,14.34,22.62,22.9,23.69,,,83.55,10.0,3.1,63,128
63,1,2723,8,0.0,3.25,3,AUS,Gelding,60,--,1204.0,133,1,11,12,8,,,,2.25,4.25,3.25,,,,13.39,20.84,22.35,,,,56.58,6.4,1.8,69,183
63,2,3872,1,1.0,0.0,3,NZ,Gelding,60,--,1236.0,129,6,6,6,1,,,,0.75,1.0,0.25,,,,13.15,20.56,22.36,,,,56.07,3.3,1.4,118,2
63,3,3031,10,0.0,4.0,3,NZ,Gelding,60,--,1171.0,127,10,3,2,10,,,,0.5,0.25,4.0,,,,13.11,20.48,23.14,,,,56.73,20.0,6.6,138,138
63,4,2322,6,0.0,2.0,3,AUS,Gelding,60,--,1109.0,126,2,2,4,6,,,,0.25,0.75,2.0,,,,13.07,20.6,22.72,,,,56.39,15.0,4.1,7,154
63,5,2222,4,0.0,0.75,3,AUS,Gelding,60,--,1166.0,119,12,4,3,4,,,,0.75,0.5,0.75,,,,13.15,20.48,22.58,,,,56.21,28.0,7.4,70,149
63,6,556,9,0.0,3.5,3,GB,Gelding,60,--,1056.0,121,4,10,8,9,,,,1.75,2.25,3.5,,,,13.31,20.6,22.71,,,,56.62,7.9,2.5,7,115
63,7,4006,11,0.0,5.75,3,USA,Horse,60,--,1082.0,117,8,12,11,11,,,,2.75,2.75,5.75,,,,13.47,20.52,22.99,,,,56.98,12.0,4.3,137,69
63,8,3844,12,0.0,7.25,3,NZ,Gelding,60,--,1195.0,115,3,5,10,12,,,,0.75,2.5,7.25,,,,13.15,20.8,23.3,,,,57.25,39.0,11.0,38,34
63,9,713,7,0.0,2.5,3,AUS,Gelding,60,--,1201.0,117,5,9,9,7,,,,1.5,2.25,2.5,,,,13.27,20.64,22.55,,,,56.46,7.6,2.3,29,18
63,10,3620,2,0.0,0.25,3,AUS,Gelding,60,--,1135.0,113,9,7,5,2,,,,0.75,0.75,0.25,,,,13.15,20.52,22.47,,,,56.14,10.0,3.2,29,128
63,11,801,3,0.0,0.5,3,NZ,Gelding,60,--,1136.0,113,11,1,1,3,,,,0.25,0.25,0.5,,,,13.03,20.52,22.6,,,,56.15,9.2,3.5,38,162
63,12,2002,5,0.0,1.0,3,AUS,Gelding,60,--,1153.0,109,7,8,7,5,,,,0.75,1.5,1.0,,,,13.15,20.64,22.46,,,,56.25,27.0,9.2,38,59
64,1,1728,9,0.0,10.5,3,AUS,Gelding,60,--,1106.0,123,1,9,7,9,,,,4.0,5.75,10.5,,,,24.18,22.6,24.3,,,,71.08,23.0,5.1,29,63
64,2,2632,5,0.0,8.5,3,AUS,Gelding,60,--,1177.0,130,10,8,12,5,,,,3.75,9.0,8.5,,,,24.14,23.16,23.47,,,,70.77,35.0,9.4,55,162
64,3,256,6,0.0,8.75,3,SAF,Gelding,60,--,1125.0,127,7,3,3,6,,,,1.0,2.0,8.75,,,,23.7,22.48,24.64,,,,70.82,6.1,2.2,80,59
64,4,3354,10,0.0,11.5,3,AUS,Gelding,60,--,1174.0,126,2,10,9,10,,,,4.0,7.75,11.5,,,,24.18,22.92,24.15,,,,71.25,11.0,3.1,9,128
64,5,909,2,0.0,6.25,3,AUS,Gelding,60,--,1167.0,128,6,7,6,2,,,,3.5,5.75,6.25,,,,24.1,22.68,23.63,,,,70.41,6.3,1.6,38,154
64,6,584,1,1.0,0.0,3,AUS,Gelding,60,--,1105.0,125,12,1,1,1,,,,0.75,1.25,6.25,,,,23.54,22.32,23.56,,,,69.42,7.2,2.5,7,115
64,7,2305,7,0.0,9.0,3,AUS,Gelding,60,--,1188.0,125,5,4,5,7,,,,2.0,3.25,9.0,,,,23.86,22.52,24.48,,,,70.86,8.3,2.6,97,18
64,8,1107,3,0.0,6.5,3,IRE,Gelding,60,--,1056.0,118,4,5,4,3,,,,2.75,3.0,6.5,,,,23.98,22.36,24.12,,,,70.46,3.8,1.8,164,149
64,9,741,8,0.0,9.75,3,NZ,Gelding,60,--,1099.0,123,8,12,11,8,,,,5.0,8.75,9.75,,,,24.34,22.92,23.73,,,,70.99,30.0,8.3,109,145
64,10,4008,11,0.0,22.0,3,AUS,Gelding,60,--,1144.0,120,9,11,10,11,,,,5.0,8.0,22.0,,,,24.34,22.8,25.81,,,,72.95,23.0,6.6,4,64
64,11,1169,12,0.0,23.25,3,IRE,Gelding,60,--,1104.0,120,11,6,8,12,,,,3.25,6.75,23.25,,,,24.06,22.88,26.19,,,,73.13,32.0,8.2,138,138
64,12,2307,4,0.0,8.0,3,AUS,Gelding,60,--,1136.0,117,3,2,2,4,,,,0.75,1.25,8.0,,,,23.66,22.4,24.63,,,,70.69,9.2,4.4,118,2
65,1,1726,5,0.0,2.0,3,NZ,Gelding,60,--,995.0,123,5,9,9,8,5.0,,,2.25,5.75,3.25,2.0,,,14.16,22.33,22.88,22.99,,,82.36,14.0,4.3,60,63
65,2,889,3,0.0,0.5,3,NZ,Gelding,60,--,1181.0,133,6,2,2,2,3.0,,,0.25,0.5,0.15,0.5,,,13.84,21.81,23.2,23.3,,,82.15,15.0,4.5,118,69
65,3,2329,13,0.0,14.25,3,NZ,Gelding,60,--,1156.0,128,7,3,4,4,13.0,,,0.25,2.0,2.25,14.25,,,13.84,22.05,23.32,25.13,,,84.34,29.0,5.9,97,149
65,4,4007,7,0.0,5.0,3,GB,Gelding,60,--,1093.0,132,4,6,7,6,7.0,,,1.25,4.5,2.75,5.0,,,14.0,22.29,23.0,23.55,,,82.84,2.7,1.4,7,115
65,5,507,12,0.0,6.5,3,NZ,Gelding,60,--,1142.0,131,13,14,14,13,12.0,,,5.25,10.25,7.5,6.5,,,14.64,22.57,22.84,23.03,,,83.08,76.0,17.0,97,138
65,6,1401,1,1.0,0.0,3,AUS,Gelding,60,--,1075.0,129,8,5,5,5,1.0,,,0.75,3.0,2.75,0.1,,,13.92,22.13,23.24,22.75,,,82.04,22.0,5.4,97,18
65,7,3166,6,0.0,3.75,3,USA,Gelding,60,--,1144.0,127,14,7,8,10,6.0,,,1.5,5.75,5.0,3.75,,,14.04,22.45,23.16,22.98,,,82.63,9.3,2.4,137,183
65,8,2131,10,0.0,5.25,3,NZ,Gelding,60,--,946.0,124,9,11,10,9,10.0,,,3.0,6.0,4.5,5.25,,,14.28,22.25,23.04,23.31,,,82.88,15.0,4.4,69,154
65,9,3453,4,0.0,1.5,3,AUS,Gelding,60,--,1080.0,121,1,8,6,7,4.0,,,1.75,3.75,2.75,1.5,,,14.08,22.09,23.12,23.0,,,82.29,38.0,7.4,98,64
65,10,3913,2,0.0,0.1,3,AUS,Gelding,60,--,1115.0,119,3,4,3,3,2.0,,,0.75,2.0,1.5,0.1,,,13.92,21.97,23.2,22.96,,,82.05,3.7,1.4,138,2
65,11,2053,9,0.0,5.0,3,NZ,Gelding,60,--,1062.0,117,11,12,11,11,9.0,,,3.75,7.5,6.5,5.0,,,14.4,22.37,23.12,22.97,,,82.86,33.0,9.7,4,155
65,12,4034,14,0.0,999.0,3,NZ,Gelding,60,--,1128.0,113,10,10,12,14,14.0,,,3.0,8.5,11.75,999.0,,,14.28,22.65,23.8,28.95,,,89.68,99.0,33.0,54,34
65,13,588,8,0.0,5.0,3,AUS,Gelding,60,--,1138.0,111,2,1,1,1,8.0,,,0.25,0.5,0.15,5.0,,,13.8,21.77,23.28,24.01,,,82.86,31.0,5.3,47,38
65,14,3712,11,0.0,6.5,3,AUS,Gelding,60,--,1087.0,110,12,13,13,12,11.0,,,4.75,8.75,6.75,6.5,,,14.56,22.41,22.96,23.14,,,83.07,10.0,3.4,75,128
66,1,3121,1,1.0,0.0,3,AUS,Gelding,60,--,1064.0,131,1,4,3,3,1.0,,,1.25,1.5,1.5,0.2,,,28.2,24.21,25.33,23.57,,,101.31,15.0,5.0,128,151
66,2,2968,3,0.0,1.25,3,NZ,Gelding,60,--,1053.0,133,2,1,1,1,3.0,,,0.25,0.5,0.75,1.25,,,28.0,24.17,25.33,24.02,,,101.52,10.0,3.4,164,64
66,3,3161,2,0.0,0.2,3,USA,Gelding,60,--,1052.0,128,3,6,5,6,2.0,,,2.75,3.0,2.25,0.2,,,28.44,24.21,25.21,23.48,,,101.34,4.6,1.6,97,149
66,4,578,8,0.0,4.0,3,USA,Gelding,60,--,1120.0,132,4,5,6,7,8.0,,,2.75,3.25,3.0,4.0,,,28.44,24.25,25.29,23.99,,,101.97,4.3,1.5,138,2
66,5,2414,4,0.0,2.75,3,GB,Gelding,60,--,1107.0,132,12,9,9,9,4.0,,,5.75,4.5,3.25,2.75,,,28.92,23.97,25.13,23.72,,,101.74,20.0,5.2,9,18
66,6,4376,5,0.0,2.75,3,NZ,Gelding,60,--,1058.0,129,6,10,10,8,5.0,,,6.0,5.25,3.0,2.75,,,28.96,24.05,24.97,23.79,,,101.77,5.8,1.9,38,115
66,7,1168,10,0.0,6.5,3,NZ,Gelding,60,--,1093.0,129,5,7,8,10,10.0,,,4.25,4.25,4.0,6.5,,,28.68,24.17,25.29,24.23,,,102.37,16.0,5.3,132,138
66,8,3488,12,0.0,9.5,3,AUS,Gelding,60,--,1044.0,125,10,2,2,2,12.0,,,0.25,0.5,0.75,9.5,,,28.04,24.21,25.37,25.21,,,102.83,44.0,14.0,75,162
66,9,4039,11,0.0,9.25,3,NZ,Gelding,60,--,1159.0,121,7,8,7,5,11.0,,,5.5,3.75,2.0,9.25,,,28.88,23.89,25.05,24.97,,,102.79,42.0,11.0,63,59
66,10,2967,6,0.0,3.25,3,AUS,Gelding,60,--,1058.0,123,8,12,11,12,6.0,,,9.25,6.25,5.0,3.25,,,29.48,23.69,25.13,23.52,,,101.82,4.9,1.7,55,34
66,11,1322,9,0.0,4.25,3,AUS,Gelding,60,--,1119.0,119,11,11,12,11,9.0,,,7.75,6.25,4.5,4.25,,,29.24,23.93,25.05,23.79,,,102.01,35.0,9.1,109,145
66,12,79,7,0.0,3.25,3,GB,Gelding,60,--,983.0,114,9,3,4,4,7.0,,,1.25,1.75,1.5,3.25,,,28.2,24.25,25.29,24.1,,,101.84,22.0,7.2,98,154
67,1,2975,2,0.0,0.75,3,NZ,Gelding,60,--,1132.0,133,6,9,8,7,8.0,2.0,,4.5,6.0,4.75,4.0,0.75,,14.5,23.57,24.52,25.07,23.43,,111.09,11.0,2.9,97,138
67,2,1023,10,0.0,7.75,3,AUS,Gelding,60,--,1227.0,129,9,11,10,9,10.0,10.0,,5.75,8.5,6.5,5.5,7.75,,14.7,23.77,24.4,25.03,24.27,,112.17,29.0,8.6,60,64
67,3,1485,8,0.0,6.75,3,AUS,Gelding,60,--,1096.0,128,8,7,7,8,9.0,8.0,,3.5,5.0,5.5,4.75,6.75,,14.34,23.57,24.8,25.07,24.23,,112.01,18.0,5.2,98,69
67,4,385,11,0.0,8.0,3,NZ,Gelding,60,--,1058.0,127,5,4,2,2,2.0,11.0,,2.75,0.25,1.25,1.5,8.0,,14.22,22.93,24.88,25.23,24.96,,112.22,12.0,3.6,164,154
67,5,3497,1,1.0,0.0,3,AUS,Gelding,60,--,1103.0,124,7,1,1,1,1.0,1.0,,1.25,0.25,1.25,1.5,0.75,,13.78,23.33,24.72,25.19,23.92,,110.94,4.2,1.6,4,162
67,6,1851,4,0.0,4.0,3,NZ,Gelding,60,--,1078.0,123,3,6,6,5,6.0,4.0,,3.0,3.75,3.25,3.0,4.0,,14.26,23.45,24.64,25.15,24.06,,111.56,17.0,4.9,137,128
67,7,133,6,0.0,5.25,3,NZ,Gelding,60,--,1148.0,125,2,3,5,6,7.0,6.0,,1.75,3.25,4.0,3.5,5.25,,14.06,23.57,24.84,25.11,24.19,,111.77,4.1,1.5,75,18
67,8,3302,7,0.0,6.0,3,AUS,Brown,60,--,1028.0,122,11,8,9,10,5.0,7.0,,4.0,7.0,6.75,2.25,6.0,,14.42,23.81,24.68,24.47,24.51,,111.89,8.4,2.8,118,2
67,9,3115,3,0.0,1.5,3,AUS,Gelding,60,--,1149.0,116,1,2,4,3,3.0,3.0,,1.25,1.75,1.75,1.5,1.5,,13.98,23.41,24.72,25.15,23.92,,111.18,10.0,3.5,38,59
67,10,2171,5,0.0,5.25,3,NZ,Gelding,60,--,1129.0,115,4,5,3,4,4.0,5.0,,2.75,1.75,2.75,2.0,5.25,,14.22,23.17,24.88,25.07,24.42,,111.76,7.1,2.6,128,151
67,11,891,9,0.0,7.25,3,NZ,Gelding,60,--,1125.0,108,12,10,11,11,11.0,9.0,,5.5,8.75,8.25,6.0,7.25,,14.66,23.85,24.64,24.83,24.12,,112.1,18.0,6.5,47,52
67,12,3458,12,0.0,8.75,3,USA,Gelding,60,--,1152.0,112,10,12,12,12,12.0,12.0,,7.75,11.75,9.5,7.75,8.75,,15.02,23.97,24.36,24.91,24.1,,112.36,99.0,25.0,54,155
68,1,3398,9,0.0,11.0,3,IRE,Gelding,60,--,1025.0,128,7,10,10,10,9.0,,,9.5,9.0,8.25,11.0,,,29.58,24.44,24.32,23.66,,,102.0,36.0,9.0,7,59
68,2,3397,3,0.0,2.25,3,IRE,Gelding,60,--,1064.0,126,1,3,3,3,3.0,,,3.25,2.5,2.0,2.25,,,28.58,24.4,24.36,23.25,,,100.59,12.0,3.8,55,138
68,3,3746,6,0.0,4.5,3,NZ,Brown,60,--,1145.0,122,4,2,2,2,6.0,,,1.5,1.5,1.75,4.5,,,28.3,24.52,24.48,23.66,,,100.96,4.5,1.5,137,18
68,4,238,10,0.0,999.0,3,USA,Gelding,60,--,1168.0,120,5,4,4,6,10.0,,,3.5,3.25,6.25,999.0,,,28.62,24.48,24.92,27.5,,,105.52,5.9,1.9,7,162
68,5,2055,7,0.0,6.0,3,NZ,Gelding,60,--,1119.0,121,10,9,8,7,7.0,,,8.25,6.25,6.5,6.0,,,29.38,24.2,24.48,23.12,,,101.18,82.0,19.0,98,64
68,6,2166,5,0.0,4.5,3,AUS,Gelding,60,--,1152.0,120,9,8,9,9,5.0,,,8.25,7.75,8.0,4.5,,,29.38,24.44,24.48,22.65,,,100.95,8.2,2.7,97,115
68,7,26,2,0.0,0.25,3,NZ,Gelding,60,--,1097.0,119,6,1,1,1,2.0,,,1.5,1.5,1.75,0.25,,,28.06,24.52,24.44,23.27,,,100.29,9.6,2.5,47,154
68,8,1487,4,0.0,2.75,3,AUS,Gelding,60,--,1082.0,119,8,6,6,5,4.0,,,5.0,4.75,4.75,2.75,,,28.86,24.48,24.44,22.9,,,100.68,4.1,1.7,138,2
68,9,792,8,0.0,6.5,3,IRE,Gelding,60,--,1103.0,116,2,7,7,8,8.0,,,6.5,6.0,6.5,6.5,,,29.1,24.44,24.52,23.2,,,101.26,50.0,11.0,164,155
68,10,1910,1,1.0,0.0,3,NZ,Gelding,60,--,1048.0,113,3,5,5,4,1.0,,,4.75,4.25,3.25,0.25,,,28.82,24.44,24.28,22.68,,,100.22,4.5,1.6,164,34
69,1,394,5,0.0,2.25,3,NZ,Gelding,60,--,1093.0,133,10,8,7,5,,,,3.25,3.75,2.25,,,,24.77,23.02,23.35,,,,71.14,34.0,8.6,118,154
69,2,4112,2,0.0,0.5,3,AUS,Gelding,60,--,1070.0,131,6,4,3,2,,,,2.0,1.5,0.5,,,,24.57,22.86,23.43,,,,70.86,6.5,2.7,75,18
69,3,2372,1,1.0,0.0,3,SAF,Gelding,60,--,1326.0,124,2,5,6,1,,,,2.5,3.0,0.5,,,,24.65,23.02,23.1,,,,70.77,3.2,1.3,80,59
69,4,3700,6,0.0,2.5,3,NZ,Gelding,60,--,1078.0,124,12,7,8,6,,,,3.0,4.0,2.5,,,,24.73,23.1,23.35,,,,71.18,56.0,14.0,128,151
69,5,3717,9,0.0,6.5,3,AUS,Gelding,60,--,1130.0,125,3,3,5,9,,,,1.25,3.0,6.5,,,,24.45,23.22,24.12,,,,71.79,8.2,2.8,60,69
69,6,135,7,0.0,3.5,3,AUS,Gelding,60,--,1097.0,123,11,10,9,7,,,,4.75,5.25,3.5,,,,25.01,23.02,23.3,,,,71.33,75.0,13.0,55,34
69,7,1360,10,0.0,7.0,3,NZ,Gelding,60,--,1012.0,124,9,6,4,10,,,,2.5,1.75,7.0,,,,24.65,22.82,24.44,,,,71.91,12.0,4.4,137,183
69,8,4120,12,0.0,18.75,3,AUS,Gelding,60,--,1062.0,121,4,9,10,12,,,,4.25,6.0,18.75,,,,24.93,23.22,25.63,,,,73.78,4.8,1.6,132,138
69,9,1767,3,0.0,0.75,3,AUS,Gelding,60,--,1039.0,119,8,11,12,3,,,,6.0,7.0,0.75,,,,25.21,23.1,22.6,,,,70.91,10.0,2.5,97,115
69,10,2645,11,0.0,9.25,3,,,60,--,1105.0,119,1,12,11,11,,,,6.75,6.5,9.25,,,,25.33,22.9,24.02,,,,72.25,14.0,3.6,109,145
69,11,2841,4,0.0,1.75,3,AUS,Gelding,60,--,1127.0,110,5,1,1,4,,,,0.75,0.25,1.75,,,,24.25,22.94,23.85,,,,71.04,11.0,3.4,47,149
69,12,742,8,0.0,5.25,3,AUS,Gelding,60,--,1128.0,114,7,2,2,8,,,,0.75,0.25,5.25,,,,24.37,22.86,24.38,,,,71.61,31.0,9.1,38,162
70,1,2966,1,1.0,0.0,3,NZ,Gelding,60,--,1092.0,127,2,5,5,4,1.0,,,2.5,3.25,2.5,0.25,,,28.32,24.4,25.32,23.21,,,101.25,6.4,2.0,7,162
70,2,3305,4,0.0,3.75,3,NZ,Gelding,60,--,1056.0,128,4,6,6,6,4.0,,,2.75,3.75,3.5,3.75,,,28.36,24.44,25.4,23.64,,,101.84,5.7,2.6,109,145
70,3,1336,6,0.0,4.5,3,IRE,Gelding,60,--,1078.0,126,5,9,10,9,6.0,,,4.75,6.25,5.5,4.5,,,28.68,24.52,25.32,23.44,,,101.96,8.5,2.7,47,2
70,4,1399,8,0.0,7.25,3,AUS,Gelding,60,--,1164.0,125,9,11,11,11,8.0,,,6.25,7.5,7.25,7.25,,,28.92,24.48,25.4,23.6,,,102.4,30.0,9.4,98,64
70,5,3608,7,0.0,5.25,3,AUS,Gelding,60,--,1162.0,120,10,8,8,8,7.0,,,4.25,5.25,4.75,5.25,,,28.6,24.44,25.36,23.68,,,102.08,40.0,12.0,63,59
70,6,2192,2,0.0,0.25,3,NZ,Gelding,60,--,1096.0,122,8,1,3,2,2.0,,,1.25,1.25,1.25,0.25,,,27.92,24.48,25.44,23.48,,,101.32,15.0,5.4,128,151
70,7,3459,10,0.0,8.75,3,AUS,Gelding,60,--,1122.0,123,11,10,9,10,10.0,,,5.75,6.0,6.25,8.75,,,28.84,24.32,25.48,24.0,,,102.64,42.0,12.0,75,18
70,8,875,5,0.0,4.25,3,NZ,Gelding,60,--,1109.0,122,7,3,1,1,5.0,,,1.25,0.75,1.25,4.25,,,28.12,24.08,25.44,24.28,,,101.92,6.9,1.9,97,115
70,9,3787,12,0.0,13.25,3,NZ,Gelding,60,--,1048.0,121,1,7,7,7,12.0,,,3.75,4.75,4.0,13.25,,,28.52,24.44,25.32,25.1,,,103.38,6.2,2.0,55,138
70,10,1675,3,0.0,2.75,3,IRE,Gelding,60,--,1047.0,121,3,2,4,5,3.0,,,1.25,2.25,2.5,2.75,,,28.12,24.44,25.48,23.66,,,101.7,3.9,1.5,9,69
70,11,3897,11,0.0,12.25,3,IRE,Gelding,60,--,1037.0,117,6,4,2,3,11.0,,,1.5,0.75,1.5,12.25,,,28.16,24.16,25.56,25.35,,,103.23,18.0,4.8,132,128
70,12,3540,9,0.0,7.5,3,AUS,Gelding,60,--,1022.0,118,12,12,12,12,9.0,,,8.0,7.75,7.75,7.5,,,29.2,24.24,25.44,23.55,,,102.43,85.0,19.0,60,154
71,1,3731,9,0.0,6.25,3,AUS,Gelding,60,--,1062.0,129,12,5,4,9,,,,2.0,2.75,6.25,,,,24.29,22.74,23.92,,,,70.95,72.0,13.0,137,128
71,2,3895,1,1.0,0.0,3,IRE,Gelding,60,--,1044.0,125,6,3,3,1,,,,0.75,1.5,1.0,,,,24.09,22.74,23.12,,,,69.95,39.0,8.0,60,149
71,3,2742,11,0.0,10.25,3,IRE,Gelding,60,--,1024.0,130,4,9,9,11,,,,5.25,6.25,10.25,,,,24.81,22.78,23.99,,,,71.58,12.0,2.8,9,138
71,4,4176,8,0.0,6.25,3,NZ,Gelding,60,--,1067.0,130,8,2,2,8,,,,0.25,0.25,6.25,,,,24.01,22.62,24.31,,,,70.94,17.0,3.8,38,18
71,5,3856,10,0.0,6.5,3,AUS,Gelding,60,--,1227.0,121,2,12,11,10,,,,8.0,10.0,6.5,,,,25.25,22.94,22.81,,,,71.0,60.0,13.0,70,59
71,6,2011,2,0.0,1.0,3,NZ,Gelding,60,--,1094.0,123,3,4,5,2,,,,2.0,2.75,1.0,,,,24.29,22.74,23.08,,,,70.11,3.7,1.2,138,34
71,7,2371,5,0.0,2.25,3,SAF,Gelding,60,--,1064.0,124,7,6,6,5,,,,3.5,4.0,2.25,,,,24.53,22.7,23.08,,,,70.31,19.0,3.7,118,2
71,8,3117,6,0.0,3.75,3,AUS,Brown,60,--,1141.0,122,1,7,7,6,,,,4.0,4.5,3.75,,,,24.61,22.7,23.24,,,,70.55,2.2,1.4,80,115
71,9,3114,7,0.0,5.25,3,AUS,Gelding,60,--,1112.0,119,11,1,1,7,,,,0.25,0.25,5.25,,,,23.97,22.62,24.22,,,,70.81,25.0,6.2,47,162
71,10,3276,4,0.0,1.5,3,AUS,Gelding,60,--,1131.0,121,9,11,10,4,,,,6.75,7.5,1.5,,,,25.05,22.74,22.41,,,,70.2,13.0,2.9,97,69
71,11,1489,3,0.0,1.0,3,AUS,Gelding,60,--,1047.0,118,5,8,8,3,,,,4.75,5.25,1.0,,,,24.73,22.7,22.7,,,,70.13,8.0,2.4,132,64
71,12,477,12,0.0,22.5,3,IRE,Gelding,60,--,1075.0,116,10,10,12,12,,,,6.5,13.75,22.5,,,,25.01,23.78,24.76,,,,73.55,56.0,10.0,128,151
72,2,3603,6,0.0,2.75,3,NZ,Gelding,60,--,1179.0,131,6,8,9,9,6.0,,,6.25,7.25,6.5,2.75,,,29.58,24.89,25.11,22.76,,,102.34,17.0,4.6,69,64
72,3,254,4,0.0,1.75,3,NZ,Gelding,60,--,1140.0,129,4,7,6,6,4.0,,,5.5,4.0,4.0,1.75,,,29.46,24.49,25.23,22.97,,,102.15,13.0,2.7,55,138
72,4,2628,11,0.0,4.5,3,NZ,Gelding,60,--,1041.0,124,1,5,5,5,11.0,,,3.25,3.5,3.5,4.5,,,29.1,24.77,25.23,23.52,,,102.62,20.0,4.5,138,149
72,5,3482,1,1.0,0.0,3,AUS,Gelding,60,--,1088.0,128,2,2,3,3,1.0,,,1.75,1.75,1.5,1.0,,,28.86,24.73,25.19,23.1,,,101.88,2.5,1.3,97,18
72,6,3449,9,0.0,3.25,3,NZ,Gelding,60,--,1109.0,127,12,10,10,10,9.0,,,7.5,9.5,7.0,3.25,,,29.78,25.05,24.83,22.75,,,102.41,23.0,6.9,60,2
72,7,1683,2,0.0,1.0,3,IRE,Gelding,60,--,1082.0,125,3,6,7,7,2.0,,,4.5,5.0,5.25,1.0,,,29.3,24.81,25.27,22.65,,,102.03,3.5,1.4,7,115
72,8,886,5,0.0,2.25,3,IRE,Gelding,60,--,1135.0,125,5,3,4,4,5.0,,,2.75,2.5,2.75,2.25,,,29.02,24.69,25.27,23.26,,,102.24,9.9,2.6,109,145
72,9,1737,10,0.0,4.0,3,IRE,Gelding,60,--,1123.0,121,9,1,1,1,10.0,,,1.75,1.0,1.25,4.0,,,28.58,24.73,25.23,23.99,,,102.53,40.0,9.9,47,162
72,10,1774,8,0.0,3.0,3,NZ,Gelding,60,--,1088.0,121,10,11,11,11,8.0,,,10.0,11.75,8.0,3.0,,,30.18,25.01,24.63,22.56,,,102.38,11.0,2.5,75,183
72,11,3284,7,0.0,3.0,3,AUS,Brown,60,--,1249.0,117,11,4,2,2,7.0,,,2.75,1.0,1.25,3.0,,,29.02,24.45,25.27,23.62,,,102.36,41.0,11.0,137,69
72,12,1364,3,0.0,1.5,3,IRE,Gelding,60,--,971.0,115,7,9,8,8,3.0,,,6.5,6.25,5.5,1.5,,,29.62,24.69,25.11,22.71,,,102.13,12.0,3.5,128,154
73,1,1773,2,0.0,0.25,3,NZ,Gelding,60,--,1202.0,133,7,7,7,2,2.0,,,6.25,5.0,1.25,0.25,,,29.11,23.94,24.59,23.83,,,101.47,4.8,2.0,60,2
73,2,2976,7,0.0,3.0,3,IRE,Gelding,60,--,1050.0,128,4,9,10,9,7.0,,,7.75,6.5,4.25,3.0,,,29.35,23.94,24.83,23.76,,,101.88,13.0,3.4,164,34
73,3,804,4,0.0,1.5,3,USA,Gelding,60,--,1013.0,129,5,8,8,8,4.0,,,7.0,5.0,4.0,1.5,,,29.23,23.82,25.03,23.55,,,101.63,8.0,2.9,7,115
73,4,1206,9,0.0,5.0,3,NZ,Gelding,60,--,1032.0,122,8,11,11,11,9.0,,,8.5,6.5,5.25,5.0,,,29.47,23.82,24.99,23.9,,,102.18,8.0,3.2,97,149
73,5,3767,11,0.0,6.75,3,IRE,Gelding,60,--,1120.0,123,10,10,9,10,11.0,,,8.0,6.25,4.75,6.75,,,29.39,23.86,24.95,24.27,,,102.47,79.0,21.0,75,151
73,6,275,10,0.0,5.5,3,ZIM,Gelding,60,--,1090.0,125,9,12,12,12,10.0,,,9.25,7.5,6.25,5.5,,,29.59,23.86,24.99,23.83,,,102.27,36.0,10.0,98,154
73,7,4245,8,0.0,3.75,3,AUS,Gelding,60,--,1203.0,123,3,3,3,5,8.0,,,2.0,2.0,1.5,3.75,,,28.43,24.14,25.11,24.29,,,101.97,10.0,2.5,38,69
73,8,4020,1,1.0,0.0,3,AUS,Gelding,60,--,1177.0,120,6,1,1,1,1.0,,,1.0,1.0,1.25,0.25,,,28.11,24.14,25.19,23.94,,,101.38,8.4,2.6,55,162
73,9,1314,5,0.0,1.75,3,IRE,Gelding,60,--,1065.0,119,12,4,4,4,5.0,,,3.0,2.75,1.25,1.75,,,28.59,24.1,24.95,24.04,,,101.68,44.0,10.0,138,64
73,10,2416,6,0.0,2.0,3,AUS,Gelding,60,--,1157.0,119,1,6,5,6,6.0,,,5.0,3.75,2.75,2.0,,,28.91,23.94,25.03,23.81,,,101.69,5.0,1.7,29,18
73,11,3579,12,0.0,8.25,3,AUS,Gelding,60,--,1015.0,115,11,2,2,3,12.0,,,1.0,1.0,1.25,8.25,,,28.27,24.14,25.23,25.08,,,102.72,47.0,13.0,69,128
73,12,2677,3,0.0,0.75,3,AUS,Gelding,60,--,1096.0,112,2,5,6,7,3.0,,,4.75,4.0,3.0,0.75,,,28.87,24.02,25.03,23.6,,,101.52,5.4,1.9,80,59
74,1,3915,5,0.0,2.25,3,AUS,Gelding,60,--,1157.0,133,6,5,5,5,,,,2.5,1.5,2.25,,,,24.95,22.82,23.07,,,,70.84,1.5,1.0,118,2
74,2,858,9,0.0,5.25,3,NZ,Gelding,60,--,1073.0,129,7,10,10,9,,,,6.25,4.5,5.25,,,,25.55,22.7,23.08,,,,71.33,11.0,2.9,137,128
74,3,2676,7,0.0,4.25,3,NZ,Gelding,60,--,1061.0,131,11,11,12,7,,,,7.0,5.0,4.25,,,,25.67,22.66,22.82,,,,71.15,20.0,5.3,138,64
74,4,2070,6,0.0,3.75,3,NZ,Gelding,60,--,1025.0,131,1,3,4,6,,,,2.0,1.25,3.75,,,,24.87,22.86,23.34,,,,71.07,11.0,2.3,75,18
74,5,4323,12,0.0,12.5,3,AUS,Gelding,60,--,1081.0,130,4,9,9,12,,,,5.75,4.0,12.5,,,,25.47,22.7,24.3,,,,72.47,44.0,8.7,98,138
74,6,876,11,0.0,8.25,3,NZ,Gelding,60,--,1141.0,119,8,12,11,11,,,,7.0,4.75,8.25,,,,25.67,22.62,23.52,,,,71.81,76.0,12.0,47,40
74,7,3623,4,0.0,2.0,3,NZ,Gelding,60,--,1047.0,129,9,2,2,4,,,,1.0,0.15,2.0,,,,24.71,22.82,23.28,,,,70.81,18.0,4.2,38,115
74,8,1760,10,0.0,7.5,3,NZ,Gelding,60,--,996.0,126,2,1,1,10,,,,1.0,0.15,7.5,,,,24.55,22.98,24.17,,,,71.7,19.0,4.3,69,162
74,9,2772,3,0.0,0.75,3,AUS,Gelding,60,--,1068.0,125,10,6,6,3,,,,3.5,2.25,0.75,,,,25.11,22.78,22.71,,,,70.6,20.0,4.4,109,145
74,10,1926,1,1.0,0.0,3,NZ,Gelding,60,--,1067.0,116,12,4,3,1,,,,2.25,0.25,0.1,,,,24.91,22.66,22.92,,,,70.49,9.0,2.5,55,149
74,11,2195,2,0.0,0.1,3,NZ,Gelding,60,--,1042.0,115,5,8,8,2,,,,4.75,3.5,0.1,,,,25.31,22.78,22.4,,,,70.49,38.0,8.7,54,34
74,12,550,8,0.0,5.25,3,USA,Gelding,60,--,1092.0,115,3,7,7,8,,,,4.0,3.25,5.25,,,,25.19,22.86,23.26,,,,71.31,39.0,7.1,128,151
75,1,1193,13,0.0,5.25,3,IRE,Gelding,60,--,1166.0,126,3,14,14,14,13.0,,,5.75,7.5,6.0,5.25,,,14.5,22.52,23.76,23.74,,,84.52,60.0,20.0,4,52
75,2,3917,14,0.0,5.5,3,AUS,Gelding,60,--,1019.0,133,8,8,8,8,14.0,,,2.0,4.0,3.25,5.5,,,13.9,22.56,23.88,24.22,,,84.56,21.0,10.0,118,69
75,3,1853,9,0.0,3.0,3,SAF,Gelding,60,--,1105.0,126,14,7,6,5,9.0,,,2.0,3.25,1.75,3.0,,,13.9,22.44,23.76,24.05,,,84.15,35.0,12.0,80,59
75,4,1686,2,0.0,0.2,3,NZ,Gelding,60,--,1076.0,131,6,5,7,7,2.0,,,1.5,3.75,2.75,0.2,,,13.82,22.6,23.84,23.46,,,83.72,7.5,2.8,60,2
75,5,882,4,0.0,2.0,3,AUS,Gelding,60,--,1221.0,130,1,11,9,10,4.0,,,3.0,5.0,3.5,2.0,,,14.06,22.56,23.76,23.65,,,84.03,6.0,2.0,9,138
75,6,2397,10,0.0,3.75,3,NZ,Gelding,60,--,1093.0,120,4,6,3,6,10.0,,,1.75,2.25,2.25,3.75,,,13.86,22.32,24.0,24.1,,,84.28,21.0,7.3,47,63
75,7,3296,1,1.0,0.0,3,NZ,Gelding,60,--,1124.0,127,11,13,12,11,1.0,,,5.25,6.0,4.0,0.2,,,14.42,22.36,23.68,23.23,,,83.69,6.0,1.6,54,34
75,8,552,3,0.0,2.0,3,AUS,Gelding,60,--,1023.0,129,7,9,11,9,3.0,,,2.25,5.25,3.25,2.0,,,13.94,22.72,23.68,23.67,,,84.01,5.4,1.8,63,64
75,9,2328,5,0.0,2.5,3,AUS,Gelding,60,--,1108.0,127,13,12,13,13,5.0,,,4.5,6.75,5.0,2.5,,,14.3,22.6,23.72,23.47,,,84.09,40.0,11.0,69,154
75,10,544,6,0.0,2.75,3,NZ,Gelding,60,--,1076.0,120,5,10,10,12,6.0,,,3.0,5.0,4.25,2.75,,,14.06,22.56,23.88,23.61,,,84.11,11.0,3.6,128,151
75,11,3869,12,0.0,5.0,3,NZ,Gelding,60,--,1108.0,109,2,4,5,4,12.0,,,1.0,3.0,1.75,5.0,,,13.74,22.56,23.8,24.41,,,84.51,31.0,8.7,117,149
75,12,2813,6,0.0,2.75,3,AUS,Brown,60,--,1086.0,110,9,1,1,1,6.0,,,0.5,0.5,0.25,2.75,,,13.58,22.24,24.0,24.29,,,84.11,4.9,2.0,137,128
75,13,4244,8,0.0,2.75,3,AUS,Gelding,60,--,1093.0,103,12,3,4,2,8.0,,,1.0,2.5,0.25,2.75,,,13.74,22.48,23.64,24.27,,,84.13,19.0,5.3,38,40
75,14,2990,11,0.0,3.75,3,AUS,Gelding,60,--,1119.0,113,10,2,2,3,11.0,,,0.5,0.5,1.25,3.75,,,13.66,22.24,24.12,24.27,,,84.29,38.0,10.0,132,162
76,1,4060,7,0.0,3.75,3,NZ,Gelding,60,--,979.0,133,4,7,7,7,,,,3.25,4.5,3.75,,,,24.93,23.03,23.12,,,,71.08,8.5,1.8,132,138
76,2,3189,13,0.0,9.25,3,USA,Gelding,60,--,1043.0,128,12,9,10,13,,,,4.5,6.0,9.25,,,,25.13,23.07,23.73,,,,71.93,81.0,12.0,47,34
76,3,1688,4,0.0,1.25,3,NZ,Gelding,60,--,1020.0,127,7,11,9,4,,,,4.75,5.25,1.25,,,,25.17,22.91,22.57,,,,70.65,2.8,1.2,164,57
76,4,3649,9,0.0,6.0,3,NZ,Gelding,60,--,1239.0,126,9,12,12,9,,,,6.25,6.75,6.0,,,,25.41,22.91,23.11,,,,71.43,64.0,13.0,137,183
76,5,2747,12,0.0,9.0,3,NZ,Gelding,60,--,1262.0,126,13,2,5,12,,,,1.0,3.25,9.0,,,,24.57,23.19,24.13,,,,71.89,58.0,15.0,7,64
76,6,1417,2,0.0,0.25,3,AUS,Gelding,60,--,1190.0,126,8,6,6,2,,,,3.0,3.75,0.25,,,,24.89,22.95,22.69,,,,70.53,2.6,1.2,109,145
76,7,4012,5,0.0,3.25,3,AUS,Gelding,60,--,1108.0,124,5,4,2,5,,,,1.75,1.75,3.25,,,,24.69,22.83,23.45,,,,70.97,10.0,3.5,75,162
76,8,237,6,0.0,3.5,3,NZ,Gelding,60,--,1245.0,126,1,3,3,6,,,,1.75,3.0,3.5,,,,24.69,23.03,23.31,,,,71.03,9.9,2.9,118,2
76,9,1860,10,0.0,7.5,3,NZ,Gelding,60,--,1054.0,123,11,13,13,10,,,,7.0,7.0,7.5,,,,25.53,22.83,23.29,,,,71.65,99.0,21.0,47,38
76,10,4062,1,1.0,0.0,3,AUS,Gelding,60,--,1206.0,111,10,1,1,1,,,,1.0,1.75,0.25,,,,24.41,22.83,23.22,,,,70.46,17.0,3.5,47,63
76,11,2344,11,0.0,7.5,3,NZ,Gelding,60,--,1041.0,116,3,8,11,11,,,,4.5,6.25,7.5,,,,25.13,23.11,23.43,,,,71.67,41.0,6.0,55,149
76,12,3108,8,0.0,4.0,3,NZ,Gelding,60,--,1179.0,117,6,10,8,8,,,,4.5,4.75,4.0,,,,25.13,22.87,23.12,,,,71.12,73.0,12.0,97,154
76,13,1768,3,0.0,0.75,3,NZ,Gelding,60,--,1218.0,105,2,5,4,3,,,,3.0,3.0,0.75,,,,24.89,22.83,22.87,,,,70.59,60.0,13.0,38,40
77,1,1484,9,0.0,4.75,3,AUS,Gelding,60,--,1178.0,133,4,8,8,9,,,,3.25,2.25,4.75,,,,24.48,23.18,23.57,,,,71.23,9.5,2.4,38,154
77,2,871,14,0.0,21.75,3,NZ,Gelding,60,--,1177.0,129,6,4,2,14,,,,1.25,0.5,21.75,,,,24.16,23.22,26.56,,,,73.94,17.0,7.8,75,162
77,3,2074,1,1.0,0.0,3,NZ,Gelding,60,--,1063.0,127,3,7,9,1,,,,2.5,2.5,0.5,,,,24.36,23.34,22.76,,,,70.46,4.8,1.7,75,18
77,4,252,6,0.0,3.0,3,AUS,Gelding,60,--,1163.0,121,13,1,1,6,,,,1.0,0.5,3.0,,,,23.96,23.34,23.65,,,,70.95,20.0,3.9,97,149
77,5,4010,12,0.0,10.0,3,AUS,Gelding,60,--,1143.0,125,12,12,12,12,,,,5.0,4.75,10.0,,,,24.76,23.3,24.0,,,,72.06,84.0,20.0,4,64
77,6,1078,4,0.0,1.5,3,NZ,Gelding,60,--,1137.0,125,2,5,6,4,,,,1.75,2.0,1.5,,,,24.24,23.38,23.1,,,,70.72,5.5,2.8,118,138
77,7,1497,8,0.0,4.5,3,AUS,Gelding,60,--,1120.0,125,10,13,14,8,,,,5.0,5.0,4.5,,,,24.76,23.34,23.08,,,,71.18,22.0,6.1,137,69
77,8,3107,13,0.0,12.5,3,NZ,Gelding,60,--,1169.0,125,1,2,5,13,,,,1.0,1.75,12.5,,,,24.12,23.46,24.89,,,,72.47,2.9,1.3,60,2
77,9,2678,3,0.0,0.5,3,AUS,Gelding,60,--,1077.0,124,7,10,11,3,,,,4.25,4.0,0.5,,,,24.64,23.3,22.61,,,,70.55,29.0,7.3,80,57
77,10,2417,10,0.0,5.75,3,IRE,Gelding,60,--,1122.0,115,14,14,13,10,,,,5.25,4.75,5.75,,,,24.8,23.26,23.3,,,,71.36,8.7,2.1,55,34
77,11,395,2,0.0,0.5,3,NZ,Gelding,60,--,1125.0,107,5,9,7,2,,,,3.5,2.25,0.5,,,,24.52,23.14,22.87,,,,70.53,69.0,14.0,47,63
77,12,2841,5,0.0,2.25,3,AUS,Gelding,60,--,1133.0,113,9,6,3,5,,,,2.5,0.75,2.25,,,,24.36,23.06,23.38,,,,70.8,35.0,9.8,47,155
77,13,1912,7,0.0,3.0,3,AUS,Gelding,60,--,1046.0,111,8,11,10,7,,,,4.75,3.0,3.0,,,,24.72,23.06,23.17,,,,70.95,73.0,13.0,63,38
77,14,1032,11,0.0,7.25,3,IRE,Gelding,60,--,974.0,104,11,3,4,11,,,,1.25,1.0,7.25,,,,24.16,23.3,24.16,,,,71.62,99.0,21.0,47,40
78,1,1068,9,0.0,6.0,3,USA,Gelding,60,--,1069.0,130,9,4,5,6,9.0,,,1.0,2.0,3.25,6.0,,,13.85,22.07,23.87,23.96,,,83.75,22.0,8.0,137,128
78,2,893,3,0.0,2.25,3,AUS,Gelding,60,--,1124.0,128,11,2,3,3,3.0,,,0.25,0.75,1.0,2.25,,,13.73,21.99,23.71,23.7,,,83.13,26.0,7.3,38,18
78,3,2162,4,0.0,2.75,3,AUS,Gelding,60,--,1159.0,125,4,7,7,5,4.0,,,1.25,2.75,2.5,2.75,,,13.89,22.15,23.63,23.54,,,83.21,10.0,3.1,7,162
78,4,2775,13,0.0,7.25,3,NZ,Gelding,60,--,1137.0,123,13,13,14,14,13.0,,,3.25,6.5,8.25,7.25,,,14.21,22.43,23.95,23.34,,,83.93,47.0,12.0,70,155
78,5,2069,8,0.0,5.75,3,AUS,Gelding,60,--,1004.0,124,5,11,10,11,8.0,,,3.0,3.75,4.75,5.75,,,14.17,22.03,23.83,23.67,,,83.7,6.8,2.0,98,69
78,6,1369,1,1.0,0.0,3,NZ,Gelding,60,--,1114.0,124,1,8,4,4,1.0,,,1.25,2.0,2.5,1.5,,,13.89,22.03,23.75,23.12,,,82.79,2.5,1.3,69,2
78,7,1764,7,0.0,4.5,3,NZ,Gelding,60,--,1153.0,124,6,12,11,8,7.0,,,3.0,4.0,4.0,4.5,,,14.17,22.07,23.67,23.58,,,83.49,10.0,3.6,97,138
78,8,2964,10,0.0,6.75,3,NZ,Gelding,60,--,1055.0,119,12,6,9,10,10.0,,,1.25,3.5,4.5,6.75,,,13.89,22.27,23.83,23.86,,,83.85,30.0,6.5,75,151
78,9,711,11,0.0,6.75,3,AUS,Gelding,60,--,1083.0,121,2,10,8,9,11.0,,,3.0,3.5,4.5,6.75,,,14.17,21.99,23.83,23.87,,,83.86,10.0,3.2,55,183
78,10,1929,14,0.0,13.25,3,NZ,Gelding,60,--,1122.0,120,10,5,13,12,14.0,,,1.25,5.25,5.75,13.25,,,13.89,22.55,23.75,24.71,,,84.9,28.0,7.3,4,64
78,11,72,6,0.0,4.25,3,NZ,Gelding,60,--,1101.0,115,3,9,6,7,6.0,,,1.5,2.5,4.0,4.25,,,13.93,22.07,23.91,23.55,,,83.46,13.0,3.2,138,34
78,12,104,5,0.0,3.75,3,AUS,Gelding,60,--,938.0,116,7,14,12,13,5.0,,,3.5,5.0,6.0,3.75,,,14.25,22.15,23.83,23.14,,,83.37,17.0,4.1,9,154
78,13,2012,2,0.0,1.5,3,NZ,Gelding,60,--,1027.0,111,14,3,2,1,2.0,,,0.75,0.15,0.15,1.5,,,13.81,21.79,23.67,23.73,,,83.0,14.0,4.2,80,59
78,14,1689,12,0.0,7.0,3,AUS,Gelding,60,--,1038.0,109,8,1,1,2,12.0,,,0.25,0.15,0.15,7.0,,,13.69,21.91,23.67,24.65,,,83.92,71.0,11.0,47,52
79,1,1415,14,0.0,999.0,3,AUS,Gelding,60,--,1121.0,128,13,14,14,14,,,,14.25,20.5,999.0,,,,26.4,23.41,26.11,,,,75.92,81.0,18.0,80,59
79,2,1116,9,0.0,7.5,3,AUS,Gelding,60,--,1164.0,132,1,10,8,9,,,,3.5,5.25,7.5,,,,24.68,22.69,23.34,,,,70.71,19.0,5.0,97,138
79,3,4340,8,0.0,6.75,3,NZ,Gelding,60,--,1143.0,130,11,5,9,8,,,,2.0,5.25,6.75,,,,24.44,22.93,23.25,,,,70.62,19.0,5.9,38,162
79,4,2634,5,0.0,4.5,3,AUS,Gelding,60,--,1171.0,131,6,13,13,5,,,,5.5,7.75,4.5,,,,25.0,22.77,22.47,,,,70.24,12.0,4.1,69,154
79,5,2751,12,0.0,8.75,3,AUS,Gelding,60,--,1045.0,130,14,12,11,12,,,,5.25,6.5,8.75,,,,24.96,22.61,23.37,,,,70.94,17.0,5.9,75,18
79,6,1827,7,0.0,5.0,3,AUS,Gelding,60,--,1166.0,129,10,3,4,7,,,,1.75,4.0,5.0,,,,24.4,22.77,23.17,,,,70.34,12.0,3.6,137,183
79,7,2958,3,0.0,3.0,3,AUS,Gelding,60,--,1135.0,129,4,1,1,3,,,,1.0,3.0,3.0,,,,24.12,22.41,23.47,,,,70.0,7.3,2.6,117,69
79,8,3422,4,0.0,4.0,3,AUS,Gelding,60,--,1028.0,129,2,6,2,4,,,,2.25,3.0,4.0,,,,24.48,22.53,23.17,,,,70.18,6.4,2.0,98,64
79,9,1414,2,0.0,1.75,3,AUS,Gelding,60,--,1092.0,125,5,8,5,2,,,,2.75,5.0,1.75,,,,24.56,22.77,22.48,,,,69.81,3.6,1.6,7,145
79,10,2010,1,1.0,0.0,3,AUS,Gelding,60,--,1083.0,120,9,9,10,1,,,,3.5,6.0,1.75,,,,24.68,22.81,22.04,,,,69.53,4.5,1.6,118,2
79,11,3556,13,0.0,14.5,3,GB,Gelding,60,--,1167.0,118,3,7,7,13,,,,2.5,5.25,14.5,,,,24.52,22.85,24.48,,,,71.85,46.0,9.7,70,34
79,12,1927,11,0.0,8.75,3,AUS,Gelding,60,--,1216.0,113,12,4,6,11,,,,2.0,5.0,8.75,,,,24.44,22.89,23.6,,,,70.93,99.0,21.0,109,52
79,13,1902,10,0.0,7.5,3,AUS,Gelding,60,--,1085.0,119,8,2,3,10,,,,1.0,3.0,7.5,,,,24.28,22.73,23.72,,,,70.73,20.0,5.8,164,57
79,14,1789,6,0.0,4.75,3,USA,Gelding,60,--,1027.0,108,7,11,12,6,,,,4.0,6.5,4.75,,,,24.76,22.81,22.7,,,,70.27,61.0,9.9,55,63
80,1,1653,9,0.0,4.75,3,NZ,Gelding,60,--,1094.0,123,11,1,1,1,9.0,,,1.0,1.0,1.25,4.75,,,24.66,23.22,24.12,24.58,,,96.58,19.0,5.6,109,63
80,2,2680,10,0.0,5.0,3,NZ,Gelding,60,--,1077.0,132,10,2,2,2,10.0,,,1.0,1.0,1.25,5.0,,,24.82,23.22,24.16,24.4,,,96.6,4.2,1.5,75,18
80,3,4347,12,0.0,6.5,3,NZ,Gelding,60,--,1052.0,130,2,4,3,4,12.0,,,1.75,1.5,1.75,6.5,,,24.94,23.18,24.16,24.57,,,96.85,5.1,1.9,47,162
80,4,3116,3,0.0,1.25,3,AUS,Gelding,60,--,1225.0,131,5,9,8,5,3.0,,,4.5,5.0,2.5,1.25,,,25.38,23.3,23.72,23.61,,,96.01,11.0,3.3,7,64
80,5,2053,4,0.0,1.25,3,NZ,Gelding,60,--,1054.0,129,4,8,9,8,4.0,,,4.0,5.0,4.0,1.25,,,25.3,23.38,23.96,23.38,,,96.02,19.0,6.7,4,155
80,6,912,1,1.0,0.0,3,AUS,Gelding,60,--,1085.0,130,14,14,14,14,1.0,,,8.75,9.25,6.75,0.25,,,26.06,23.3,23.72,22.74,,,95.82,8.8,2.9,132,138
80,7,3604,14,0.0,14.75,3,AUS,Gelding,60,--,1128.0,130,1,5,6,7,14.0,,,2.0,3.5,3.5,14.75,,,24.98,23.46,24.12,25.62,,,98.18,42.0,13.0,38,154
80,8,1164,8,0.0,4.0,3,AUS,Gelding,60,--,1122.0,130,8,11,10,10,8.0,,,5.75,6.25,4.25,4.0,,,25.58,23.3,23.8,23.77,,,96.45,10.0,4.1,98,2
80,9,82,7,0.0,3.5,3,NZ,Gelding,60,--,1066.0,124,6,7,7,9,7.0,,,3.25,3.75,4.25,3.5,,,25.18,23.3,24.2,23.69,,,96.37,9.6,3.1,138,59
80,10,3701,5,0.0,3.0,3,NZ,Gelding,60,--,1062.0,128,7,6,4,3,5.0,,,2.75,1.75,1.25,3.0,,,25.1,23.06,24.04,24.11,,,96.31,7.5,2.6,118,69
80,11,803,6,0.0,3.5,3,GB,Gelding,60,--,1003.0,121,12,13,13,11,6.0,,,7.25,8.0,5.5,3.5,,,25.82,23.34,23.72,23.48,,,96.36,74.0,20.0,164,57
80,12,2657,13,0.0,10.5,3,NZ,Gelding,60,--,1139.0,126,9,10,12,13,13.0,,,5.75,8.0,6.25,10.5,,,25.58,23.58,23.84,24.49,,,97.49,36.0,11.0,69,183
80,13,3734,2,0.0,0.25,3,AUS,Gelding,60,--,1133.0,113,13,12,11,12,2.0,,,6.5,6.75,5.5,0.25,,,25.7,23.26,23.92,23.01,,,95.89,18.0,4.8,29,128
80,14,1690,11,0.0,5.75,3,NZ,Gelding,60,--,1108.0,111,3,3,5,6,11.0,,,1.25,2.5,3.0,5.75,,,24.86,23.42,24.2,24.24,,,96.72,30.0,7.7,55,34
81,1,1204,1,1.0,0.0,3,FR,Horse,60,--,1142.0,133,5,3,4,4,4.0,1.0,,1.25,2.5,2.75,3.0,0.15,,13.95,23.32,23.73,23.43,23.15,,107.58,7.5,2.3,7,64
81,2,3122,3,0.0,1.25,3,NZ,Gelding,60,--,1030.0,130,7,8,9,10,9.0,3.0,,5.0,6.75,8.0,6.25,1.25,,14.55,23.4,23.89,23.11,22.84,,107.79,8.2,3.3,137,18
81,3,2090,9,0.0,5.75,3,GER,Gelding,60,--,1027.0,123,11,4,5,6,6.0,9.0,,2.0,4.0,4.5,4.0,5.75,,14.07,23.44,23.77,23.31,23.92,,108.51,93.0,20.0,38,154
81,4,1682,11,0.0,7.0,3,AUS,Gelding,60,--,1073.0,122,10,11,8,8,8.0,11.0,,6.5,6.5,6.25,5.5,7.0,,14.79,23.12,23.65,23.27,23.89,,108.72,39.0,7.2,9,145
81,5,3934,10,0.0,5.75,3,AUS,Gelding,60,--,1139.0,112,6,2,2,2,2.0,10.0,,0.15,1.0,1.0,1.25,5.75,,13.75,23.28,23.69,23.43,24.37,,108.52,99.0,20.0,47,63
81,6,2997,4,0.0,1.5,3,AUS,Horse,60,--,1113.0,121,3,7,6,5,5.0,4.0,,3.75,4.0,4.0,4.0,1.5,,14.35,23.16,23.69,23.39,23.22,,107.81,7.8,2.6,29,183
81,7,4346,2,0.0,0.15,3,SAF,Gelding,60,--,1109.0,120,9,6,7,7,7.0,2.0,,3.5,5.25,6.25,4.75,0.15,,14.31,23.4,23.85,23.15,22.89,,107.6,5.2,1.9,98,2
81,8,4056,6,0.0,2.75,3,NZ,Gelding,60,--,1202.0,118,1,1,1,1,1.0,6.0,,0.15,1.0,1.0,1.25,2.75,,13.75,23.12,23.69,23.39,24.08,,108.03,6.3,2.0,75,162
81,9,1202,5,0.0,2.75,3,NZ,Gelding,60,--,1042.0,115,2,9,10,11,11.0,5.0,,5.5,7.25,8.75,7.0,2.75,,14.63,23.4,23.93,23.11,22.96,,108.03,16.0,4.4,137,128
